Date,sentiment_mean,sentiment_count
2015-07-17,0.01217102872192013,1243.0
2015-09-11,-0.006512746865949076,792.0
2016-04-14,-0.014450517601725601,1351.0
2018-03-27,-0.014836773961067213,1116.0
2018-03-28,-0.00938893927952243,1346.0
2018-03-29,-0.005816053040940533,964.0
2018-03-31,-0.009011511115954723,562.0
2018-04-02,0.0006553384253551368,1341.0
2018-04-03,-0.011406822228042403,2695.0
2018-04-05,-0.012619213524844292,1332.0
2018-04-09,-0.013060489506838066,776.0
2018-04-10,-0.017129283299060626,2091.0
2018-04-11,-0.007939575762386915,1700.0
2018-04-12,-0.011106636337319502,1975.0
2018-04-13,-0.010854199497534259,2462.0
2018-04-16,-0.01063669823116117,1684.0
2018-04-17,-0.02111997059185555,2287.0
2018-04-18,-0.02203662874535207,1351.0
2018-04-19,-0.009495592871826686,1328.0
2018-04-20,-0.021127202541093817,1359.0
2018-04-23,-0.012209816695153787,1344.0
2018-04-24,-0.026088327622309008,1365.0
2018-04-25,-0.015360484304068143,2337.0
2018-04-26,-0.016343953068206848,2448.0
2018-04-27,-0.021439454898495046,2083.0
2018-04-30,-0.005204142631809901,2476.0
2018-05-02,-0.014950390616344048,1733.0
2018-05-03,-0.011769084059664913,2728.0
2018-05-04,-0.011679577199151631,2570.0
2018-05-07,-0.013035488127024823,1103.0
2018-05-08,-0.011494794195709505,1661.0
2018-05-09,-0.011762445642889906,1745.0
2018-05-10,-0.012856793267743189,1957.0
2018-05-11,-0.0090532026433462,2686.0
2018-05-14,-0.0061135584269725474,1988.0
2018-05-15,-0.00606981343621582,2461.0
2018-05-16,-0.005401282946955896,1611.0
2018-05-17,-0.005227999146325053,2087.0
2018-05-18,-0.006754548187674549,2055.0
2018-05-21,-0.01204824771588746,1778.0
2018-05-22,-0.007213309724833303,1873.0
2018-05-23,-0.01120571764295893,2311.0
2018-05-24,-0.016458149239944524,1835.0
2018-05-25,-0.0013846804331950164,1940.0
2018-05-28,-0.00605193505227985,1292.0
2018-05-29,-0.02380713092240965,2018.0
2018-05-30,-0.020920663703225602,1891.0
2018-05-31,-0.018928175104614628,1992.0
2018-06-01,-0.003365962334833764,2159.0
2018-06-04,-0.006149971088551369,1831.0
2018-06-05,-0.0126379881183012,1688.0
2018-06-06,-0.006641841490015008,1972.0
2018-06-07,-0.010531452836293136,1970.0
2018-06-08,-0.00792089855763892,2681.0
2018-06-11,-0.006291658781915881,1314.0
2018-06-12,-0.013062015366617935,1881.0
2018-06-13,-0.012392461579343426,2025.0
2018-06-14,-0.017564498853232576,1878.0
2018-06-15,-0.017184955715691015,2662.0
2018-06-19,-0.019290039790071153,2175.0
2018-06-20,-0.02810204839765305,1704.0
2018-06-21,-0.018180548779328214,1760.0
2018-06-22,-0.006966926079020118,1950.0
2018-06-25,-0.020394929248886064,1841.0
2018-06-26,-0.027746944217507726,1725.0
2018-06-27,-0.022619862631571036,2059.0
2018-06-28,-0.016950250266044478,1706.0
2018-06-29,-0.015876439998202284,2248.0
2018-07-02,-0.02367002001063648,1891.0
2018-07-03,-0.025785785465958142,1868.0
2018-07-04,-0.028959436131553863,1681.0
2018-07-05,-0.018998213763134774,2250.0
2018-07-06,-0.015649672982407496,1518.0
2018-07-09,-0.016603951751026125,1638.0
2018-07-10,-0.008692225787954292,1630.0
2018-07-11,-0.01882825554595254,1539.0
2018-07-12,-0.009004031453933232,1467.0
2018-07-13,-0.009650875795531482,1680.0
2018-07-16,-0.012205492504159789,1160.0
2018-07-17,-0.0015269086226950936,1649.0
2018-07-18,-0.01001593429773024,1691.0
2018-07-19,-0.013478801599402061,1798.0
2018-07-20,-0.029270945543183956,2137.0
2018-07-23,-0.022573913128344423,1883.0
2018-07-24,-0.012602458399548558,1606.0
2018-07-25,-0.003566700845353394,1724.0
2018-07-26,-0.012003763618157916,1687.0
2018-07-27,-0.009799792055837298,1747.0
2018-07-30,-0.016477705905196753,1911.0
2018-07-31,-0.02318211699073936,1884.0
2018-08-01,-0.007995192952097224,1552.0
2018-08-02,-0.013858865861913096,2042.0
2018-08-03,-0.014695239487286332,2496.0
2018-08-06,-0.013242841887735342,1786.0
2018-08-07,-0.007534178240388918,2003.0
2018-08-08,-0.011869279598231905,1992.0
2018-08-09,-0.016089390993168314,1536.0
2018-08-10,-0.012867628518003759,2507.0
2018-08-13,-0.01581731002944374,2344.0
2018-08-14,-0.017182037922975357,1959.0
2018-08-15,-0.022370923500745,2614.0
2018-08-16,-0.025333002364765093,2193.0
2018-08-17,-0.019906344932855015,2244.0
2018-08-20,-0.031227874855506686,1754.0
2018-08-21,-0.017153482315357283,1846.0
2018-08-22,-0.010910519837014474,1624.0
2018-08-23,-0.024070018842570453,1845.0
2018-08-24,-0.02076823464244957,2309.0
2018-08-27,-0.027102099148783945,951.0
2018-08-28,-0.0277798883342757,1607.0
2018-08-29,-0.02448341100994761,1739.0
2018-08-30,-0.025098444720631236,1744.0
2018-08-31,-0.01793153581630175,1921.0
2018-09-03,-0.012004056748249196,1896.0
2018-09-04,-0.017883763769783883,2014.0
2018-09-05,-0.023879027219016604,1856.0
2018-09-06,-0.019013961189809695,2117.0
2018-09-07,-0.022397879448179593,2503.0
2018-09-10,-0.018834276973551656,2099.0
2018-09-11,-0.03083104652574678,2005.0
2018-09-12,-0.011935193208980047,2398.0
2018-09-13,-0.01957782310743208,2044.0
2018-09-14,-0.00934638096416731,2257.0
2018-09-17,-0.02059545715965245,1358.0
2018-09-18,-0.021335288727799728,1819.0
2018-09-19,-0.02213267350246832,1916.0
2018-09-20,-0.01962170935375086,1758.0
2018-09-21,-0.01211537325401946,2590.0
2018-09-25,-0.011563661457058337,1106.0
2018-09-26,-0.0172372407186239,1349.0
2018-09-27,-0.022170936072293018,1859.0
2018-09-28,-0.017649153825102463,1965.0
2018-10-01,-0.017799977038067186,1253.0
2018-10-02,-0.020918956496309652,1894.0
2018-10-03,-0.018979120203038456,1569.0
2018-10-04,-0.021971300358965024,2298.0
2018-10-05,-0.016790049790567696,2664.0
2018-10-08,-0.023202319826076456,2191.0
2018-10-09,-0.013853766981518717,2684.0
2018-10-11,-0.01313873247634385,2556.0
2018-10-12,-0.023536553219058176,2772.0
2018-10-15,-0.02205697587260796,1838.0
2018-10-16,-0.022095405007387,2304.0
2018-10-17,-0.03196509289439949,2193.0
2018-10-18,-0.021530943236216783,2205.0
2018-10-19,-0.010844616327524353,2655.0
2018-10-22,-0.017711209606569585,1718.0
2018-10-23,-0.02072114605915141,2573.0
2018-10-24,-0.015696379202416014,2730.0
2018-10-25,-0.015125405488647383,2444.0
2018-10-26,-0.0228389892203186,2726.0
2018-10-29,-0.02446657732082955,2017.0
2018-10-30,-0.019718295516368722,2031.0
2018-10-31,-0.01866246454415819,2144.0
2018-11-01,-0.015548464071909858,2230.0
2018-11-02,-0.015842945036922778,2743.0
2018-11-05,-0.009211459218764751,1921.0
2018-11-06,-0.012984520671027178,1728.0
2018-11-07,-0.012612924037229124,2102.0
2018-11-08,-0.0051476673006817224,1964.0
2018-11-09,-0.014178530174618207,2286.0
2018-11-12,-0.011888304221258729,2257.0
2018-11-13,-0.009294565629832158,2377.0
2018-11-14,-0.011888408797539005,1990.0
2018-11-15,-0.017994294079383563,2168.0
2018-11-16,-0.016624809877314496,1342.0
2018-11-19,-0.011777752157058168,2186.0
2018-11-20,-0.019289531786122773,2459.0
2018-11-21,-0.012600167149368657,1897.0
2018-11-22,-0.010289667698548052,1765.0
2018-11-23,-0.011269920219843172,2687.0
2018-11-26,-0.011392664667345372,2284.0
2018-11-27,-0.019505863787174862,1494.0
2018-11-28,-0.006652978201431353,2011.0
2018-11-29,-0.0071809559398912795,1980.0
2018-11-30,0.004901172875547975,2459.0
2018-12-03,-0.01188673578960439,2485.0
2018-12-04,-0.008262311646717351,2320.0
2018-12-05,-0.011896398471933732,2034.0
2018-12-06,-0.014083609294492943,2646.0
2018-12-07,-0.021380266729910436,2475.0
2018-12-10,-0.0233952286629302,2700.0
2018-12-11,-0.017584617201797884,1907.0
2018-12-12,-0.005639544031730796,1578.0
2018-12-13,-0.02050329490544882,1697.0
2018-12-14,-0.009199605994118919,2700.0
2018-12-17,-0.01083693367445728,2303.0
2018-12-18,-0.02123264008492643,1804.0
2018-12-19,-0.016013013382272526,1766.0
2018-12-20,-0.0164276343442114,2738.0
2018-12-21,-0.013167091573505287,2539.0
2018-12-22,-0.010084414113804703,1593.0
2018-12-24,-0.009771989185863864,2229.0
2018-12-25,-0.005220150354345894,1861.0
2018-12-26,-0.019885880109815488,2644.0
2018-12-27,-0.01857313622943282,2656.0
2018-12-28,0.0033663041447840212,2236.0
2019-01-02,-0.01176361636953168,2365.0
2019-01-03,-0.013663257890175053,2374.0
2019-01-04,-0.01294396152363138,2679.0
2019-01-07,-0.008996293863283605,1791.0
2019-01-08,-0.009851170499415772,1467.0
2019-01-09,-0.008341750804799786,2251.0
2019-01-10,-0.01220827151614716,1845.0
2019-01-11,-0.013572249255196863,1981.0
2019-01-14,-0.009705333457390232,1407.0
2019-01-15,-0.0093782210348234,1723.0
2019-01-16,-0.009984497659140052,1249.0
2019-01-17,-0.015862729988623356,2234.0
2019-01-18,-0.005604988944202342,2317.0
2019-01-21,-0.006875790552686812,1248.0
2019-01-22,-0.011756621656222321,1531.0
2019-01-23,-0.004217618617721654,1615.0
2019-01-24,-0.0013283528947637684,1844.0
2019-01-25,-0.0034844388577698867,2475.0
2019-01-28,-0.005023684910243088,1563.0
2019-01-29,-0.005511154437454178,1619.0
2019-01-30,0.00330450436807977,2335.0
2019-02-01,0.0023131431676135083,495.0
2019-02-03,0.0031829963863383858,179.0
2019-02-04,-0.008227956872703104,181.0
2019-02-05,0.009612657769313814,535.0
2019-02-08,-0.011351316322022917,945.0
2019-02-11,-0.006529754756583549,1339.0
2019-02-12,-0.0005738410101236099,1704.0
2019-02-13,-0.007963312197777432,1822.0
2019-02-14,-0.0013576776444882113,1936.0
2019-02-15,-0.007234344371898176,2110.0
2019-02-18,-0.00977335976981713,1230.0
2019-02-19,-0.0031773805413248695,1883.0
2019-02-20,-0.004220299725159085,2167.0
2019-02-21,-0.013889070861888326,2270.0
2019-02-22,-0.012492318200972009,1184.0
2019-02-25,-0.005599253239824337,1192.0
2019-02-26,-0.012221973162394584,1857.0
2019-02-27,-0.011984049668407312,2541.0
2019-03-04,-0.007942864283558908,2396.0
2019-03-05,-0.013623569082099803,1272.0
2019-03-06,-0.003143059802634192,1599.0
2019-03-07,-0.014038213892627696,2212.0
2019-03-08,-0.016387262625099895,2487.0
2019-03-11,-0.00794120255996362,1849.0
2019-03-12,-0.015399382808702849,1837.0
2019-03-13,-0.002699009174887218,1480.0
2019-03-14,-0.0041312772266362905,1505.0
2019-03-15,-0.002734594098466998,2532.0
2019-03-18,0.000267804827851598,1670.0
2019-03-19,-0.0006974213534477386,1607.0
2019-03-20,-0.005791382009923529,1699.0
2019-03-21,-0.0052145053062347575,1770.0
2019-03-22,-0.016234369810775726,2694.0
2019-03-25,-0.01315190379673951,2391.0
2019-03-26,-0.010869609696196665,1828.0
2019-03-27,-0.006451538853555613,1843.0
2019-03-28,-0.011315587944159202,1766.0
2019-03-29,-0.011778088121724794,2556.0
2019-04-01,-0.0070751738222916095,800.0
2019-04-02,-0.007438868992807012,1506.0
2019-04-03,-0.011996949924566841,2238.0
2019-04-08,-0.00313194753073516,1630.0
2019-04-09,-0.009943790526948961,1840.0
2019-04-10,-0.00794114384901266,1732.0
2019-04-11,-0.018504039901106526,2050.0
2019-04-12,-0.007832405929208527,2592.0
2019-04-15,-0.01300212556296018,1838.0
2019-04-16,-0.011500934612654185,1910.0
2019-04-17,-0.008023563932381341,2097.0
2019-04-18,-0.02477099485865939,2125.0
2019-04-19,-0.018693921791070895,2003.0
2019-04-22,-0.01725867902681691,1552.0
2019-04-23,-0.019008175041245357,2178.0
2019-04-24,-0.015877901391930474,1910.0
2019-04-25,-0.01783827820052513,2228.0
2019-04-26,-0.011542858596395004,2155.0
2019-04-29,-0.014109329330664614,1930.0
2019-04-30,-0.014562339747733204,2656.0
2019-05-02,-0.01556415015861488,2148.0
2019-05-03,-0.011109567481776673,2674.0
2019-05-06,-0.01897241344879966,1758.0
2019-05-07,-0.015829379569621303,2643.0
2019-05-08,-0.010264532640429912,2391.0
2019-05-09,-0.01894921997736423,2666.0
2019-05-10,-0.016893808619891922,2671.0
2019-05-13,-0.011561510976137168,2728.0
2019-05-14,-0.0159810040781263,2219.0
2019-05-15,-0.012194292926483594,1404.0
2019-05-16,-0.01515379762444894,2548.0
2019-05-17,-0.01297545335429193,2703.0
2019-05-20,-0.022543905561661543,2144.0
2019-05-21,-0.01377409238000272,1955.0
2019-05-22,-0.016451041623925383,1429.0
2019-05-23,-0.017601168158736944,2689.0
2019-05-24,-0.007554737761478603,2334.0
2019-05-27,-0.014132905266961981,1580.0
2019-05-28,-0.012029011320396566,1896.0
2019-05-29,-0.015293263433308666,2415.0
2019-05-30,-0.01142617559797338,2127.0
2019-05-31,-0.011962451522778318,2699.0
2019-06-03,-0.02189070528745249,2087.0
2019-06-04,-0.023455683698055,1647.0
2019-06-05,-0.018625599463499315,1771.0
2019-06-06,-0.017048353129449977,2639.0
2019-06-10,-0.011028566623722397,1680.0
2019-06-11,-0.015128979349743436,1500.0
2019-06-12,-0.02028210056643301,1484.0
2019-06-13,-0.013100778467591346,1330.0
2019-06-14,-0.008112127328872554,1479.0
2019-06-17,-0.02199200273073905,1066.0
2019-06-18,-0.019050253467035372,1732.0
2019-06-19,-0.013150600281996145,1876.0
2019-06-20,-0.005685000463006052,2257.0
2019-06-21,-0.000804108826827596,2324.0
2019-06-24,-0.006380932525064836,1070.0
2019-06-25,-0.015397144574407072,1229.0
2019-06-26,-0.01036543447699322,1103.0
2019-06-27,0.004917128177229688,1683.0
2019-06-28,-0.004324316331426045,2122.0
2019-07-01,-0.004335621196108253,1913.0
2019-07-02,0.007370747397591007,1666.0
2019-07-03,-0.011711886572547948,1489.0
2019-07-04,0.006349458360329935,866.0
2019-07-05,-0.004657544536984601,1648.0
2019-07-08,-0.010975974284785566,1477.0
2019-07-09,-0.00724537283587463,1297.0
2019-07-10,0.007149512205079119,1602.0
2019-07-11,0.007954295320900705,1747.0
2019-07-12,0.005344848734269011,1780.0
2019-07-15,0.004966569430011105,1612.0
2019-07-16,-0.0025022149597797656,1449.0
2019-07-17,-0.00012205658772805936,1512.0
2019-07-18,0.0013177368603888482,1604.0
2019-07-19,-0.014139484179121468,1753.0
2019-07-22,0.0048718622802430694,1648.0
2019-07-23,-0.0021294847316940995,1506.0
2019-07-24,0.003713691657630587,1579.0
2019-07-25,0.0011860983974276438,1716.0
2019-07-26,0.0018993344994549433,1719.0
2019-07-29,-0.004979476722454896,1388.0
2019-07-30,-0.017990250535441524,1953.0
2019-07-31,-0.013293488961059233,2147.0
2019-08-01,-0.01954775085942541,2532.0
2019-08-02,-0.014849984392667956,2545.0
2019-08-05,-0.020555045406241996,2706.0
2019-08-06,-0.022884776375204415,2252.0
2019-08-07,-0.01682209985220171,2037.0
2019-08-08,-0.02085429834903665,2268.0
2019-08-09,-0.03217685643749557,87.0
2019-08-12,-0.010771894126252079,1785.0
2019-08-13,-0.027594491657449025,2425.0
2019-08-14,-0.018259796774899292,2726.0
2019-08-15,-0.030111656408273523,2617.0
2019-08-16,-0.0021650625341536425,2269.0
2019-08-19,-0.012171337010670068,1583.0
2019-08-20,-0.020302093457098092,1402.0
2019-08-21,-0.009856351997519303,1518.0
2019-08-22,-0.014733554532050015,1531.0
2019-08-23,-0.016448393541681906,2410.0
2019-08-26,-0.03030150639783733,2248.0
2019-08-27,-0.015633575415592477,1457.0
2019-08-28,-0.012334735061113567,1370.0
2019-08-29,-0.006926602585946469,1910.0
2019-08-30,-0.017846400871816,2222.0
2019-09-02,-0.002336666954247764,1568.0
2019-09-03,-0.024231121975963187,1812.0
2019-09-04,-0.008269404245500262,2045.0
2019-09-05,-0.010297417412906627,2065.0
2019-09-06,-0.004382758548932922,1991.0
2019-09-09,-0.003547931488880508,1721.0
2019-09-10,-0.011560975567478295,1741.0
2019-09-11,-0.004329251475621227,1521.0
2019-09-12,-0.0047664921637895685,2318.0
2019-09-16,-0.007959932961175338,1714.0
2019-09-17,-0.006090574426146277,1313.0
2019-09-18,-0.006699692080453281,1636.0
2019-09-19,-0.00213707076489434,1381.0
2019-09-20,0.004283446224529768,1866.0
2019-09-23,-0.0009889091396985176,1288.0
2019-09-24,-0.0018529187648120653,1529.0
2019-09-25,-0.008573939316860455,1421.0
2019-09-26,-0.011406543664475898,1534.0
2019-09-27,-0.015355999105367835,2673.0
2019-10-01,-0.020905300558577727,1702.0
2019-10-02,-0.01273058371446661,2105.0
2019-10-03,-0.019569216946346366,1934.0
2019-10-04,-0.005698488404480459,1603.0
2019-10-07,0.005060389154853292,1308.0
2019-10-08,-0.014331706865149256,1821.0
2019-10-09,-0.006684995011923983,2685.0
2019-10-14,-0.007174485852591816,1710.0
2019-10-15,-0.013021879467879758,1496.0
2019-10-16,-0.009995699833535118,1475.0
2019-10-17,-0.0015500054117728557,1738.0
2019-10-18,-0.009396384052607377,1654.0
2019-10-21,-0.003597840558252359,1076.0
2019-10-22,0.0003906810301875032,1553.0
2019-10-23,-0.01359755056887031,1411.0
2019-10-24,-0.0007225604216863384,1434.0
2019-10-25,-0.00889046933011371,1900.0
2019-10-28,-0.014410930917192435,1184.0
2019-10-29,-0.01330571178263244,1671.0
2019-10-30,-0.0026016746821716005,1686.0
2019-10-31,-0.013422926259804123,1765.0
2019-11-01,-0.008606196328077974,1945.0
2019-11-04,-0.013835592866625574,1915.0
2019-11-05,-0.014171908434488595,1580.0
2019-11-06,-0.010095169568947258,1702.0
2019-11-07,-0.014951044644386683,2001.0
2019-11-08,-0.008840322314138173,1808.0
2019-11-11,-0.00910717354212131,1908.0
2019-11-12,-0.0058414617034820695,1445.0
2019-11-13,-0.0037486451172148555,1360.0
2019-11-14,0.0010453790827666478,1488.0
2019-11-15,-0.003092701480985109,1385.0
2019-11-18,-0.006003101959963592,1247.0
2019-11-19,-0.004589601378769247,1837.0
2019-11-20,-0.0027690505349043867,1613.0
2019-11-21,-0.018264906041913727,1730.0
2019-11-22,-0.0028792427148906052,1990.0
2019-11-25,0.0024757961060164375,1612.0
2019-11-26,-0.004976446102241215,1814.0
2019-11-27,0.0010495640604089058,1543.0
2019-11-28,-0.008656629372356008,1216.0
2019-11-29,-0.005574185765020189,2386.0
2019-12-02,-0.020128848233865137,1935.0
2019-12-03,-0.011116598370572727,1769.0
2019-12-04,-0.009974610180746564,1623.0
2019-12-05,-0.004793360055297206,1374.0
2019-12-06,-0.004102942561718193,1844.0
2019-12-09,-0.005523516427792564,1609.0
2019-12-10,-0.0077358413359361125,1753.0
2019-12-11,-0.007652516031521037,1849.0
2019-12-12,-0.015522540839675525,2323.0
2019-12-13,-0.012797000208377596,2245.0
2019-12-16,4.519324800844502e-05,1627.0
2019-12-17,0.0065409486257457196,1788.0
2019-12-18,-0.00844348823579058,1828.0
2019-12-19,-0.013533324345567775,1786.0
2019-12-20,-0.0025462227571263233,1966.0
2019-12-23,-0.005397648419190752,1584.0
2019-12-24,-0.011361124926359229,1344.0
2019-12-25,-0.006101424171644159,1278.0
2019-12-26,-0.01018462409285234,1194.0
2019-12-27,0.00031763166191596856,1876.0
2019-12-30,-0.006388087989709701,1480.0
2019-12-31,0.00902666216499033,1601.0
2020-01-02,-0.005081872502280458,1964.0
2020-01-03,-0.021525575227092184,2189.0
2020-01-06,-0.016319436653514794,1971.0
2020-01-07,-0.020727150543398524,2037.0
2020-01-08,-0.022899889791659876,2368.0
2020-01-09,-0.0029622909121178828,1943.0
2020-01-10,-0.008855626547518381,2153.0
2020-01-13,-0.0028832953143863396,1721.0
2020-01-14,-0.00447055769128319,1560.0
2020-01-15,-0.020678556136701307,1872.0
2020-01-16,-0.012938305269248817,1924.0
2020-01-17,-0.008388591501912195,1954.0
2020-01-20,-0.0041721724765550845,2488.0
2020-01-23,-0.003059097649392096,79.0
2020-01-24,0.0009708207821322193,550.0
2020-01-25,-0.016144185681872477,667.0
2020-01-26,-0.0212135783438608,543.0
2020-01-27,-0.024535741863342956,1311.0
2020-01-28,-0.024132052711582606,1306.0
2020-01-29,-0.023780981825785953,941.0
2020-01-30,-0.015900806992677253,2549.0
2020-01-31,-0.024234460365726823,2752.0
2020-02-03,-0.0165061352257874,2174.0
2020-02-04,-0.014895812094871527,2783.0
2020-02-05,-0.02010256115994987,2105.0
2020-02-06,-0.013292459609477726,2216.0
2020-02-07,-0.012129771483029702,2729.0
2020-02-10,-0.021712557039857132,2146.0
2020-02-11,-0.014974127835170815,2036.0
2020-02-12,-0.013688058517314802,2367.0
2020-02-13,-0.021490634731415735,2206.0
2020-02-14,-0.015430632899651454,2608.0
2020-02-17,-0.01730526798129727,1824.0
2020-02-18,-0.026885826179500288,2185.0
2020-02-19,-0.005406714514595125,2065.0
2020-02-20,-0.01820613536427148,2438.0
2020-02-21,-0.026029741682481688,2724.0
2020-02-24,-0.017949018127393017,2727.0
2020-02-25,-0.022523960365111933,2658.0
2020-02-26,-0.03241655843150327,2742.0
2020-02-27,-0.022387315358811447,2631.0
2020-02-28,-0.00969395381023849,102.0
2020-03-02,-0.0304665115302856,2742.0
2020-03-03,-0.030416626484828034,2735.0
2020-03-04,-0.024651761449289347,2753.0
2020-03-05,-0.006448285297291515,2727.0
2020-03-06,-0.02040995786768385,2757.0
2020-03-09,-0.023398395682278212,2758.0
2020-03-10,-0.024822557100617877,2543.0
2020-03-11,-0.026270324384834343,2773.0
2020-03-12,-0.02479118851757548,2765.0
2020-03-13,-0.02036021805214133,2773.0
2020-03-16,-0.024026671112415545,2783.0
2020-03-17,-0.025969947561858317,2780.0
2020-03-18,-0.025600592355002564,2661.0
2020-03-19,-0.021725253518835613,2776.0
2020-03-20,-0.021876972329731056,2788.0
2020-03-23,-0.022887117159733843,2732.0
2020-03-24,-0.023758483924356057,2792.0
2020-03-25,-0.014534279048709414,2792.0
2020-03-26,-0.01994515896442855,2826.0
2020-03-27,-0.02020716949699658,2768.0
2020-03-30,-0.02896786054159491,2740.0
2020-03-31,-0.014101128947586767,2736.0
2020-04-01,-0.015062652440847174,2777.0
2020-04-03,-0.02784733831429942,1369.0
2020-04-06,-0.017217732180338934,2738.0
2020-04-07,-0.014385737414861549,2763.0
2020-04-08,-0.01215827156572792,2733.0
2020-04-09,-0.01690462984581393,2736.0
2020-04-10,-0.012864038427625853,2787.0
2020-04-13,-0.0148261080333111,2691.0
2020-04-14,-0.01738043190145962,2761.0
2020-04-15,-0.015357012647401018,2778.0
2020-04-16,-0.01503594412737004,2744.0
2020-04-17,-0.019334722186356023,2741.0
2020-04-20,-0.01823928855453683,2682.0
2020-04-21,-0.020004253679548677,2739.0
2020-04-22,-0.017106119667463924,2728.0
2020-04-23,-0.023195273064352158,2691.0
2020-04-24,-0.009742057115653367,2690.0
2020-04-27,-0.008515122950876346,2664.0
2020-04-28,-0.008622542967841587,2708.0
2020-04-29,-0.0023249219872223084,2771.0
2020-04-30,-0.007575543975181922,2769.0
2020-05-04,-0.018121708707681355,2676.0
2020-05-05,-0.0024600854285767213,2753.0
2020-05-06,-0.013476662931407013,2753.0
2020-05-07,-0.006616147249599616,2733.0
2020-05-08,-0.006178799705468456,2710.0
2020-05-11,-0.013443575967420704,2726.0
2020-05-12,-0.011641161187532926,2696.0
2020-05-13,-0.014181075648414138,2757.0
2020-05-14,-0.01430499731200508,2730.0
2020-05-15,-0.011470380520328996,2719.0
2020-05-18,-0.013498631475607028,2682.0
2020-05-19,-0.020467052285073308,2724.0
2020-05-20,-0.014357763882774504,2739.0
2020-05-21,-0.00624411237771521,2693.0
2020-05-22,-0.015736018551010297,2452.0
2020-05-25,-0.010206979055278063,2451.0
2020-05-26,-0.01340077806815798,2701.0
2020-05-27,-0.011014275363718603,2721.0
2020-05-28,-0.018448462502179803,2693.0
2020-05-29,-0.017440618040985113,2706.0
2020-06-01,-0.020313515731935614,2649.0
2020-06-02,-0.008821407257709479,2676.0
2020-06-03,-0.009320160425844578,2713.0
2020-06-04,-0.012312640725916403,2702.0
2020-06-05,-0.0017448931190304582,2710.0
2020-06-08,-0.008766803181868357,2748.0
2020-06-09,-0.013905886181019421,2706.0
2020-06-10,-0.016111307483607736,2702.0
2020-06-11,-0.008437667702338378,2745.0
2020-06-12,-0.012224982281082335,2700.0
2020-06-15,-0.020630165691071466,2729.0
2020-06-16,-0.020412063601866665,2700.0
2020-06-17,-0.01902440830732964,2484.0
2020-06-18,-0.0075227462325848605,2701.0
2020-06-19,-0.010165277245698606,2709.0
2020-06-22,-0.019434151178625285,1253.0
2020-06-23,-0.015186632359128184,2714.0
2020-06-24,-0.012500203638292007,2779.0
2020-06-26,-0.025028154343952797,1387.0
2020-06-29,-0.027644744356585167,2754.0
2020-06-30,-0.011772529877695927,2708.0
2020-07-01,-0.013400813084783723,2719.0
2020-07-02,-0.008818446450416661,2733.0
2020-07-03,-0.0004409431567734597,2531.0
2020-07-04,-0.009834744189772728,373.0
2020-07-05,-0.021035193009493438,573.0
2020-07-06,-0.001170111359763735,2728.0
2020-07-07,-0.01123179262766117,2718.0
2020-07-08,-0.004691333888648122,2774.0
2020-07-09,-0.0008460302248647836,2762.0
2020-07-10,-0.008771764881478072,2771.0
2020-07-13,-0.0028215270861451634,2734.0
2020-07-14,-0.008326169938454635,2751.0
2020-07-15,-0.008658255834951578,2758.0
2020-07-16,-0.004776283430018913,2749.0
2020-07-17,-0.005612956499292837,2726.0
2020-07-20,-0.00922539779294863,2722.0
2020-07-21,-0.005962416305927902,2749.0
2020-07-22,-0.007014218396928816,2738.0
2020-07-23,-0.009310215276697216,2717.0
2020-07-24,-0.024761218729353426,2724.0
2020-07-27,-0.018297227464182445,2748.0
2020-07-28,-0.012297409076514096,2664.0
2020-07-29,-0.015574747548363358,2752.0
2020-07-30,-0.009945789349354164,2766.0
2020-07-31,-0.007988496692780052,2710.0
2020-08-03,-0.0012841219356263247,2706.0
2020-08-04,-0.003811487199491393,2467.0
2020-08-05,-0.007918579987713885,2721.0
2020-08-06,0.002513926204744815,2734.0
2020-08-07,0.002725971917360258,2685.0
2020-08-10,-0.004773976716872651,2541.0
2020-08-11,-0.014032393680708305,2722.0
2020-08-12,-0.004162611262363824,2730.0
2020-08-13,-0.015120066355546588,2752.0
2020-08-14,-0.0006978439221881099,2685.0
2020-08-17,0.00241619416790918,2433.0
2020-08-18,-0.0013198438938396896,2482.0
2020-08-19,0.008104210978612534,2410.0
2020-08-20,-0.007306190505025494,2681.0
2020-08-21,-0.008266517126915554,2703.0
2020-08-24,-0.01920880627209631,2742.0
2020-08-25,-0.006541192765253433,2479.0
2020-08-26,-0.013072628534403472,2710.0
2020-08-27,-0.02266018088813247,2744.0
2020-08-28,-0.020041436858185057,2727.0
2020-08-31,-0.0227018628771377,2759.0
2020-09-01,-0.019013623854207583,2210.0
2020-09-02,-0.019826007479233645,2758.0
2020-09-03,-0.026002832175401683,2780.0
2020-09-04,-0.017861659305874033,2713.0
2020-09-07,-0.007695466387537404,2310.0
2020-09-08,-0.022967006295334765,2762.0
2020-09-09,-0.01923256114168483,2633.0
2020-09-10,-0.019866712160940547,2705.0
2020-09-11,-0.006136824195962228,2689.0
2020-09-14,-0.019270318093018747,2394.0
2020-09-15,0.007935037357796586,2743.0
2020-09-16,-0.01912102735972872,2473.0
2020-09-17,-0.015181701657396292,2720.0
2020-09-18,-0.011348387896275855,2727.0
2020-09-21,-0.03268102443927107,1334.0
2020-09-22,-0.029463758091833814,2686.0
2020-09-23,-0.020509057483313428,2689.0
2020-09-24,-0.01765307709343176,2697.0
2020-09-25,-0.01938859097978847,2717.0
2020-09-28,-0.014964280040230735,2769.0
2020-09-29,-0.024791645128654033,2292.0
2020-09-30,-0.01763774554337369,2769.0
2020-10-02,-0.014404371607349382,1346.0
2020-10-05,-0.010035408872226774,2318.0
2020-10-06,-0.017784058534798832,2708.0
2020-10-07,-0.012012673203607292,2745.0
2020-10-08,-0.0011747755524935538,2727.0
2020-10-12,-0.009418182659015176,2702.0
2020-10-13,-0.011874703928050057,2632.0
2020-10-14,-0.0029407156389154258,2321.0
2020-10-15,-0.013732035818152964,2650.0
2020-10-16,-0.01923781578057126,2691.0
2020-10-19,-0.02194634125837608,2558.0
2020-10-20,-0.016851609666885977,2286.0
2020-10-21,-0.016332340711396647,2333.0
2020-10-22,-0.009305878421065717,2397.0
2020-10-23,-0.011865574685052194,2624.0
2020-10-26,-0.012549487388835125,2638.0
2020-10-27,-0.010176689587619279,2512.0
2020-10-28,-0.015791326012746337,2701.0
2020-10-29,-0.01815304279583442,2677.0
2020-10-30,-0.01762089689661134,2641.0
2020-11-02,-0.02686042762925205,2659.0
2020-11-03,-0.013690673604045172,2661.0
2020-11-04,-0.012285563067829287,2677.0
2020-11-05,-0.008907520609873446,2696.0
2020-11-06,-0.008952162093002227,2655.0
2020-11-09,-0.008062054088835776,2715.0
2020-11-10,-0.00876812270390881,2611.0
2020-11-11,-0.004695174896639353,2707.0
2020-11-12,-0.014134975872775254,2340.0
2020-11-13,-0.007510455756641817,2631.0
2020-11-16,-0.005559379664249441,2650.0
2020-11-17,-0.010885901078760253,2686.0
2020-11-18,-0.005022377271995493,2737.0
2020-11-19,-0.004175868170577859,2573.0
2020-11-20,-0.0022479516119702373,2653.0
2020-11-23,-0.0042034217281887625,2717.0
2020-11-24,-0.00884760863069088,2727.0
2020-11-25,-0.002300220667648045,2718.0
2020-11-26,-0.00044557582816478304,2286.0
2020-11-27,-0.0001895206106816021,2711.0
2020-11-30,-0.0013268432192312736,2715.0
2020-12-01,-0.013668825575305344,2692.0
2020-12-02,-0.011659368540110153,2566.0
2020-12-03,-0.003560263870771599,2643.0
2020-12-04,-0.00015710206717617646,2700.0
2020-12-07,-0.00845810975977558,2721.0
2020-12-08,0.003968222161189984,2757.0
2020-12-09,0.003687003786266314,2761.0
2020-12-10,-0.00647596852987156,2711.0
2020-12-11,-0.012754860630510336,2706.0
2020-12-14,-0.007592288976771049,2734.0
2020-12-15,-0.012243586130305472,2608.0
2020-12-16,-0.014829594827625626,2625.0
2020-12-17,-0.01334330560975363,2457.0
2020-12-18,-0.00222812936165382,2707.0
2020-12-21,-0.007664551511741693,2708.0
2020-12-22,-0.008218922767163891,2723.0
2020-12-23,-0.009789044163951573,2494.0
2020-12-24,-0.003329752252203383,2436.0
2020-12-25,0.00922647959770426,2706.0
2020-12-28,0.004781763615122853,2705.0
2020-12-29,0.0070932123179853835,2730.0
2020-12-30,-0.0013894120127613495,2706.0
2020-12-31,0.019986832171368655,2736.0
2021-01-04,0.0006470289608374245,2763.0
2021-01-05,0.0054421546490040495,2747.0
2021-01-06,-0.0018196939148046164,2751.0
2021-01-07,0.002381048393398216,2712.0
2021-01-08,-0.0006049131834940152,2684.0
2021-01-11,-0.0038444864142225164,2794.0
2021-01-12,-0.017368315922884937,2729.0
2021-01-13,-0.0019218741749112483,2768.0
2021-01-14,-0.009082836022386728,2760.0
2021-01-15,-0.008890522966861835,2712.0
2021-01-18,-0.01137806946855566,2663.0
2021-01-19,-0.006821562659947798,2721.0
2021-01-20,-0.018149416168442605,2739.0
2021-01-21,-0.02006846122339266,2778.0
2021-01-22,-0.024465624214920063,2733.0
2021-01-25,-0.02030090530487029,2714.0
2021-01-26,-0.014143110053426434,2750.0
2021-01-27,-0.02390150974177599,2736.0
2021-01-28,-0.014195141872825993,2679.0
2021-01-29,-0.02355466424593338,2718.0
2021-02-01,-0.025790458524136403,2702.0
2021-02-02,-0.021690949492222614,2757.0
2021-02-03,-0.009305931046734234,2707.0
2021-02-04,-0.014323270562651329,2575.0
2021-02-05,0.006913165791602123,2710.0
2021-02-08,-0.013660421773228357,1156.0
2021-02-09,-0.010856744173206924,943.0
2021-02-10,-0.012912302867769987,893.0
2021-02-15,-0.023448984852133925,70.0
2021-02-16,0.001668787024634312,54.0
2021-02-17,-0.005085033648141116,2744.0
2021-02-18,-0.00925627997433197,2755.0
2021-02-19,0.006332885333488963,2777.0
2021-02-22,-0.005010862193487315,2774.0
2021-02-23,-0.013488017248935799,2753.0
2021-02-24,-0.007568087995950365,2720.0
2021-02-25,-0.007304099912179686,2763.0
2021-02-26,-0.010151845020776798,2689.0
2021-03-01,-0.02015844267535272,1394.0
2021-03-02,-0.013894971691471095,2713.0
2021-03-03,-0.02188512822063913,2703.0
2021-03-04,-0.006762909917756007,2674.0
2021-03-05,-0.016850290013436,2701.0
2021-03-08,-0.014331833361469874,2750.0
2021-03-09,-0.01708525406080046,2739.0
2021-03-10,-0.008965657686876422,2753.0
2021-03-11,-0.018548920144268212,2755.0
2021-03-12,-0.01256212612371732,2706.0
2021-03-15,0.0014242659152080015,2733.0
2021-03-16,-0.002211253895539036,2711.0
2021-03-17,-0.0004727271353642731,2664.0
2021-03-18,-0.012117219439789126,2724.0
2021-03-19,-0.00034820653295040125,2691.0
2021-03-22,-0.0052059796044564635,2711.0
2021-03-23,-0.00800238907766933,2712.0
2021-03-24,-0.017126402914570682,2690.0
2021-03-25,-0.017887228036501498,2720.0
2021-03-26,-0.0011845039378383364,2719.0
2021-03-29,-0.001685847526165715,2686.0
2021-03-30,-0.002804968304152782,2687.0
2021-03-31,0.005693377432717711,2675.0
2021-04-01,-0.002814617457496015,2700.0
2021-04-06,0.005466435581068047,2722.0
2021-04-07,-0.007183689025501515,2708.0
2021-04-08,0.005590495029113965,2742.0
2021-04-09,0.010893494672302224,2704.0
2021-04-12,0.005352643964588091,2752.0
2021-04-13,-0.004882708558389038,2719.0
2021-04-14,0.00902367511611886,2737.0
2021-04-15,0.0013955252451101632,2714.0
2021-04-16,-0.0038842704560416107,2759.0
2021-04-19,0.0035460965085805127,2731.0
2021-04-20,-0.004664445135804635,2692.0
2021-04-21,0.00849844873077396,2735.0
2021-04-22,-0.003113829930970302,2703.0
2021-04-23,-0.001119324851046797,2785.0
2021-04-26,0.008405089935723064,2765.0
2021-04-27,0.004722537114542468,2749.0
2021-04-28,0.005719156286421176,2735.0
2021-04-29,-0.0007468087662132903,2705.0
2021-04-30,-0.01788224184180164,824.0
2021-05-03,-0.010798460920641786,2707.0
2021-05-04,-0.00798362511492214,2665.0
2021-05-05,-0.017462492642060606,2658.0
2021-05-06,-0.00393781460830053,2715.0
2021-05-07,0.001291988970639502,2718.0
2021-05-10,-0.006742410585485829,2715.0
2021-05-11,-0.018041360083781464,2730.0
2021-05-12,-0.020375778604288908,2738.0
2021-05-13,-0.02211315303741934,2696.0
2021-05-14,-0.012716704908576664,2739.0
2021-05-17,-0.017503800910650128,2743.0
2021-05-18,-0.02233566137121242,2743.0
2021-05-19,-0.02376941376520264,2719.0
2021-05-20,-0.021474727502340807,2700.0
2021-05-21,-0.012727909257313022,2802.0
2021-05-24,-0.01226577928192268,2630.0
2021-05-25,-0.003718282523575186,2725.0
2021-05-26,-0.005833714345372099,2774.0
2021-05-27,-0.00637705921408723,2780.0
2021-05-28,0.001111891033834462,2785.0
2021-05-31,0.005488541461994088,2710.0
2021-06-01,0.0008422911775595298,2759.0
2021-06-02,-0.002149458482808311,2756.0
2021-06-03,0.001389450460554385,2716.0
2021-06-04,-0.008674876852374287,2739.0
2021-06-07,-0.009444540706254684,2736.0
2021-06-08,-0.0039350713222516985,2737.0
2021-06-09,-0.004659713759491364,2750.0
2021-06-10,-0.013274598225032137,2743.0
2021-06-11,0.0020496468082713015,2767.0
2021-06-14,-0.043181266008056156,98.0
2021-06-15,0.0030646228550952844,2760.0
2021-06-16,-0.0056664220860915444,2767.0
2021-06-17,-0.008386841666061717,2757.0
2021-06-18,0.007393202674868188,2766.0
2021-06-21,-0.0035049798285362995,2738.0
2021-06-22,0.0025046850279466237,2622.0
2021-06-23,-0.0019575334912248442,2766.0
2021-06-24,-0.00024293276721054947,2745.0
2021-06-25,0.0019982925894234146,2697.0
2021-06-28,0.005740954996295491,2751.0
2021-06-29,0.00586347070559668,2767.0
2021-06-30,0.0062159201096556775,2722.0
2021-07-01,0.008278821258505155,2769.0
2021-07-02,-0.0026504958454490143,2737.0
2021-07-05,0.006029108853352,2766.0
2021-07-06,0.004924786254116641,2722.0
2021-07-07,-0.0038570470137030194,2706.0
2021-07-08,-0.006770754234972729,2737.0
2021-07-09,-0.008008109310649675,2731.0
2021-07-12,-0.008727032256135131,2797.0
2021-07-13,-0.00396704715723597,2770.0
2021-07-14,0.0013481135389534923,2753.0
2021-07-15,-0.008929199436833412,2727.0
2021-07-16,-0.011806724797422327,2730.0
2021-07-19,-0.009653403169664579,2743.0
2021-07-20,-0.007204683225524896,2720.0
2021-07-21,-0.0042289276798482866,2743.0
2021-07-22,-0.007794015481976441,2778.0
2021-07-23,0.004029868445370331,2733.0
2021-07-26,-0.0011696456847982424,2741.0
2021-07-27,-0.017137788293705224,2670.0
2021-07-28,-0.0011467077187967396,2734.0
2021-07-29,-0.001330727740648086,2781.0
2021-07-30,-0.00945001591018622,2722.0
2021-08-02,-0.004291907583579401,2724.0
2021-08-03,-0.019993045691595792,2768.0
2021-08-04,-0.008399489619063573,2762.0
2021-08-05,-0.006002066564002767,2719.0
2021-08-06,-0.010861946992894821,2694.0
2021-08-09,-0.01905520331490737,2705.0
2021-08-10,-0.012017830277290838,2720.0
2021-08-11,-0.017449160352872757,2721.0
2021-08-12,-0.008573970373091839,2772.0
2021-08-13,-0.009105913242022203,2709.0
2021-08-16,-0.01748707497804255,2711.0
2021-08-17,-0.015199963962562657,2758.0
2021-08-18,-0.0160675756434698,2731.0
2021-08-19,-0.01687808292912796,2735.0
2021-08-20,-0.016635645535204992,2688.0
2021-08-23,-0.008087070458591212,2723.0
2021-08-24,-0.006160595893712717,2731.0
2021-08-25,-0.005157661649992892,2742.0
2021-08-26,-0.011922329806316379,2676.0
2021-08-27,-0.0068139477599488355,2651.0
2021-08-30,-0.001672696276181604,2695.0
2021-08-31,-0.01011762375131754,2721.0
2021-09-01,0.004102676644490945,2741.0
2021-09-02,-0.007501660660233105,2684.0
2021-09-03,-0.003760122480167049,2719.0
2021-09-06,-0.009195750618933591,2700.0
2021-09-07,-0.013605093650498112,2752.0
2021-09-08,-0.007959716877199098,2758.0
2021-09-09,-0.010867444466799984,2729.0
2021-09-10,-0.0047609789084176145,2724.0
2021-09-13,-0.01105095474025761,2715.0
2021-09-14,-0.008222108304845252,2751.0
2021-09-15,-0.0038467506514122383,2691.0
2021-09-16,-0.004062731539725524,2732.0
2021-09-17,-0.002856458174550893,2723.0
2021-09-22,-0.014141840975768373,2651.0
2021-09-23,-0.011982701630992893,2691.0
2021-09-24,-0.012781870678217622,2664.0
2021-09-27,-0.014238103270536036,2689.0
2021-09-28,-0.018102778249877643,2622.0
2021-09-29,-0.011629461195019541,2684.0
2021-09-30,-0.009880163465891642,2700.0
2021-10-01,-0.00836425279688168,2691.0
2021-10-04,-0.020024346324939976,2727.0
2021-10-05,-0.011103511926177447,2767.0
2021-10-06,-0.01899577679393293,2753.0
2021-10-07,-0.005001451283941177,2702.0
2021-10-08,-0.0004242830080777209,2730.0
2021-10-12,-0.014077821099756267,2712.0
2021-10-13,-0.02095345161693899,2703.0
2021-10-14,-0.016474584262539987,2739.0
2021-10-15,-0.007652537070452241,2704.0
2021-10-18,-0.015812442381148088,2705.0
2021-10-19,0.0020889347491171995,2753.0
2021-10-20,0.0034457034048107527,2757.0
2021-10-21,0.011559481944036795,2740.0
2021-10-22,0.002769671965076549,2750.0
2021-10-25,-0.009397278093704001,2684.0
2021-10-26,-0.0021175031895080913,2741.0
2021-10-27,0.001582037463489933,2750.0
2021-10-28,-0.003330077971257704,2765.0
2021-10-29,0.0015239379921748058,2689.0
2021-11-01,0.0072475334425218035,2773.0
2021-11-02,0.005206021993915268,2754.0
2021-11-03,-0.0013969570061644135,2745.0
2021-11-04,-0.0032201548934176834,2745.0
2021-11-05,0.0005202843468155797,2762.0
2021-11-08,-0.007519165324112985,2759.0
2021-11-09,-0.004861299308331109,2761.0
2021-11-10,0.0008059424567395108,2762.0
2021-11-11,-0.002240803719992923,2772.0
2021-11-12,0.003653691380694048,2745.0
2021-11-15,0.002745064558947619,2780.0
2021-11-16,-0.004656120188554471,2759.0
2021-11-17,-0.0018149421165038983,2770.0
2021-11-18,-0.0040756668739917075,2730.0
2021-11-19,0.0004919723068135334,2740.0
2021-11-22,-0.006115800478470752,2618.0
2021-11-23,-0.012929001266334185,2691.0
2021-11-24,-0.00705042748424887,2749.0
2021-11-25,-0.0008523934561537964,2714.0
2021-11-26,-0.016407603876719135,2701.0
2021-11-29,-0.008096889437651725,2727.0
2021-11-30,-0.013170713752997823,2731.0
2021-12-01,-0.0017285354450921077,2693.0
2021-12-02,-0.013204893070460657,2730.0
2021-12-03,-0.009211951850479485,2725.0
2021-12-06,-0.004222821668932747,2732.0
2021-12-07,-0.012522911428500556,2761.0
2021-12-08,-0.003510760058259753,2749.0
2021-12-09,-0.0034348983665003527,2722.0
2021-12-10,-0.006580749611566876,2682.0
2021-12-13,-0.011904613493961602,2726.0
2021-12-14,-0.010813859035865346,2675.0
2021-12-15,-0.010751357753431836,2678.0
2021-12-16,-0.004687442581060205,2693.0
2021-12-17,-0.006261020337649751,2674.0
2021-12-20,-0.009671213622951019,2704.0
2021-12-21,-0.005758717799252402,2692.0
2021-12-22,-0.006963544051160318,2712.0
2021-12-23,-0.005923299653850511,2737.0
2021-12-24,0.0003206267967472313,2675.0
2021-12-27,-0.003767699999097904,2482.0
2021-12-28,-0.007772817582924892,2748.0
2021-12-29,0.004168666872423218,2706.0
2021-12-30,0.023985855008794278,2747.0
2022-01-03,-0.012712425395808687,2758.0
2022-01-04,-0.0016368203734167498,2766.0
2022-01-05,-0.004008592391442522,2709.0
2022-01-06,-0.013118014938506528,2684.0
2022-01-07,-0.012406788548102676,2691.0
2022-01-10,-0.013028778468460747,1788.0
2022-01-11,-0.015062890890816192,2722.0
2022-01-12,-0.008214005442891158,2725.0
2022-01-13,-0.018499415008002437,2727.0
2022-01-14,-0.012342134158367584,2697.0
2022-01-17,-0.005050188799952005,2759.0
2022-01-18,-0.02039947086927678,2669.0
2022-01-19,-0.020906258972073172,2619.0
2022-01-20,-0.018190093767279533,2637.0
2022-01-21,-0.015561597415990194,2585.0
2022-01-24,-0.01944132549726332,2630.0
2022-01-25,-0.02039067427730288,2675.0
2022-01-26,0.004018255764915011,2712.0
2022-01-27,-0.01749844305115735,1370.0
2022-01-28,-0.005426762781488067,1317.0
2022-02-07,-0.007596320117106126,2706.0
2022-02-08,-0.013044220250978273,2691.0
2022-02-09,-0.004111050110136687,2725.0
2022-02-10,-0.011219652544630967,2691.0
2022-02-11,-0.013908973135480802,2686.0
2022-02-14,-0.025237760425137975,2605.0
2022-02-15,-0.01631335860757871,2659.0
2022-02-16,-0.005941210620323114,2686.0
2022-02-17,-0.008885834208308109,2643.0
2022-02-18,-0.013976079882478962,2711.0
2022-02-21,-0.02144481429242423,2664.0
2022-02-22,-0.020658163327474773,2699.0
2022-02-23,-0.007176721708014028,2699.0
2022-02-24,-0.012765544511430025,2681.0
2022-02-25,-0.01319229615748386,2717.0
2022-03-01,-0.009763840303688973,2707.0
2022-03-02,-0.014525936399065159,2705.0
2022-03-03,-0.01890648589780363,3999.0
2022-03-04,-0.012332400235873902,2724.0
2022-03-07,-0.021185910523388658,2577.0
2022-03-08,-0.019548558928551018,2649.0
2022-03-09,-0.011984301679076237,2675.0
2022-03-10,-0.017161076713063023,2631.0
2022-03-11,-0.007510511578925014,2624.0
2022-03-14,-0.014617630347233602,2645.0
2022-03-15,-0.012524282971696422,2707.0
2022-03-16,-0.00743397341259388,2675.0
2022-03-17,-0.006477418317525828,2672.0
2022-03-18,0.000969937571549643,2699.0
2022-03-21,-0.01540434184437787,2622.0
2022-03-22,-0.011380308417137977,2672.0
2022-03-23,-0.004725961117843963,2646.0
2022-03-24,-0.013912226597947809,2643.0
2022-03-25,-0.006631182263869795,2696.0
2022-03-28,-0.007853058462649916,2688.0
2022-03-29,-0.005177305303069427,2644.0
2022-03-30,-0.010398336162152053,2702.0
2022-03-31,-0.0006281719886754244,2647.0
2022-04-01,-0.002177380593985042,2633.0
2022-04-06,-0.008092601065181025,2685.0
2022-04-07,-0.007240467452163265,2675.0
2022-04-08,-0.0132632581526935,2664.0
2022-04-11,-0.012002232753750109,2674.0
2022-04-12,-0.022011968650042884,2676.0
2022-04-13,-0.014307220508709948,2705.0
2022-04-14,-0.014897537959680808,2698.0
2022-04-15,-0.015538048231333226,2683.0
2022-04-18,-0.020307084793512762,2641.0
2022-04-19,-0.016456947819164125,2686.0
2022-04-20,-0.0014308315465174366,2647.0
2022-04-21,-0.010139873626376038,2702.0
2022-04-22,-0.009199156764962439,2644.0
2022-04-25,-0.022885001573750254,2612.0
2022-04-26,-0.021112532200823,2669.0
2022-04-27,-0.016870444661373146,2665.0
2022-04-28,-0.025754755665350026,2727.0
2022-04-29,-0.020558745873437097,2716.0
2022-05-03,-0.024281729909841707,2688.0
2022-05-04,-0.0050899394074842485,2708.0
2022-05-05,-0.009606195697902708,2679.0
2022-05-06,-0.010978061383059535,2619.0
2022-05-09,-0.030729836007384614,2629.0
2022-05-10,-0.016915001175514772,2681.0
2022-05-11,-0.013766169134608253,2702.0
2022-05-12,-0.015040548180103567,2693.0
2022-05-13,-0.017572697193679626,2577.0
2022-05-16,-0.020142486613085514,2686.0
2022-05-17,-0.01540277506953909,2756.0
2022-05-18,-0.005899135093301691,2683.0
2022-05-19,-0.0173606380760767,2711.0
2022-05-20,-0.009260931538070722,2712.0
2022-05-23,-0.01839659839011264,2704.0
2022-05-24,-0.017461686754024222,2625.0
2022-05-25,-0.01239577595558583,2682.0
2022-05-26,-0.017957140708532125,2699.0
2022-05-27,-0.007086156293196287,2659.0
2022-05-30,-0.011653577370808276,2633.0
2022-05-31,-0.007976776203871465,2702.0
2022-06-01,-0.007232654803059384,2639.0
2022-06-02,-0.005864859385217903,2687.0
2022-06-06,-0.017298086913470775,2648.0
2022-06-07,-0.021255571392756942,2615.0
2022-06-08,-0.010338206346114171,2723.0
2022-06-09,-0.012712589931424805,2676.0
2022-06-10,-0.010531653620975114,2650.0
2022-06-13,-0.01431445427118178,2656.0
2022-06-14,-0.021690490670445605,2675.0
2022-06-15,-0.018659240598198453,2667.0
2022-06-16,-0.014276523059197575,2695.0
2022-06-17,-0.009373636249427877,2652.0
2022-06-20,-0.027585053824388618,2681.0
2022-06-21,-0.016185648078657626,2733.0
2022-06-22,-0.02059450595738002,2688.0
2022-06-23,-0.024161566906366245,2662.0
2022-06-24,-0.0007090831051837871,2680.0
2022-06-27,-0.005189366947333186,2736.0
2022-06-28,-0.008265375776068104,2703.0
2022-06-29,-0.010369003167611282,2680.0
2022-06-30,-0.018755582719646523,2661.0
2022-07-01,-0.016482960628416317,2617.0
2022-07-04,-0.024582031128449477,2589.0
2022-07-05,-0.0212424613645624,2671.0
2022-07-06,-0.014750652231605103,2613.0
2022-07-07,-0.01935378040429818,2653.0
2022-07-08,-0.01630548200724188,2638.0
2022-07-11,-0.02024553513165772,2694.0
2022-07-12,-0.025764326940799522,2601.0
2022-07-13,-0.013550443688632773,2669.0
2022-07-14,-0.014038791712949304,2641.0
2022-07-15,-0.01322613159320709,2657.0
2022-07-18,-0.005187810651132362,2662.0
2022-07-19,-0.012092853143524367,2691.0
2022-07-20,-0.013924834569565066,2666.0
2022-07-21,-0.001678506456664069,2706.0
2022-07-22,0.0032417641593339157,2650.0
2022-07-25,-0.013239509923787415,2639.0
2022-07-26,-0.0070061554616581935,2638.0
2022-07-27,-0.0038930984970279806,2673.0
2022-07-28,-0.013459810629225997,2682.0
2022-07-29,0.004383990121318306,2679.0
2022-08-01,-0.017183351587122548,2668.0
2022-08-02,-0.027654017319421593,2675.0
2022-08-03,-0.018306195202262877,2685.0
2022-08-04,-0.02814034048679092,2724.0
2022-08-05,-0.015953391805421,2653.0
2022-08-08,-0.016132639867592235,2709.0
2022-08-09,0.0006672817074345444,2666.0
2022-08-10,-0.013929464532848308,2639.0
2022-08-11,-0.00520942621537834,2684.0
2022-08-12,-0.006311069632801574,2629.0
2022-08-15,-0.005516023504001294,2678.0
2022-08-16,-0.007681148216804765,2716.0
2022-08-17,-0.014736265362075137,2698.0
2022-08-18,-0.00816194021369696,2656.0
2022-08-19,-0.0017451468255177984,2665.0
2022-08-22,-0.019987126207624367,2638.0
2022-08-23,-0.01981236170817116,2660.0
2022-08-24,-0.00942107031626146,2663.0
2022-08-25,-0.009641054382305824,2676.0
2022-08-26,-0.008185743723241956,2666.0
2022-08-29,-0.023513057673312764,2616.0
2022-08-30,-0.010314317941451207,2699.0
2022-08-31,-0.010442993024134817,2732.0
2022-09-01,-0.013857188020650566,2652.0
2022-09-02,-0.008268343918978224,2660.0
2022-09-05,-0.019205069381108362,2682.0
2022-09-06,-0.018570045407505405,2699.0
2022-09-07,-0.015862436256927147,2728.0
2022-09-08,-0.011108184706043326,2670.0
2022-09-12,-0.019915844239020795,2619.0
2022-09-13,-0.010790603284900533,2614.0
2022-09-14,-0.011286803534992992,2656.0
2022-09-15,-0.01316745285563485,2688.0
2022-09-16,-0.007517668663463122,2655.0
2022-09-19,-0.023426028902915886,2693.0
2022-09-20,-0.027956495835074955,2672.0
2022-09-21,-0.019226957153212036,2694.0
2022-09-22,-0.013350532061557795,2633.0
2022-09-23,-0.0208042523690101,2626.0
2022-09-26,-0.02025825378875384,2733.0
2022-09-27,-0.01995680574718383,2682.0
2022-09-28,-0.021754541287340834,2646.0
2022-09-29,-0.015133617882652287,2672.0
2022-09-30,-0.019372216476880585,2586.0
2022-10-03,-0.02147820534107064,2623.0
2022-10-04,-0.019911840263563012,2687.0
2022-10-05,-0.015875248867822257,2740.0
2022-10-06,-0.015352404581560427,2674.0
2022-10-07,-0.022480853490345842,2682.0
2022-10-11,-0.014558778145578488,2626.0
2022-10-12,-0.015331975743749152,2634.0
2022-10-13,-0.023026679154741138,2674.0
2022-10-14,-0.020876582489396067,2654.0
2022-10-17,-0.01747660420204121,2545.0
2022-10-18,-0.02677368005419381,2609.0
2022-10-19,-0.03224362301546881,2649.0
2022-10-20,-0.021694654517551194,2627.0
2022-10-21,-0.014490392666852127,2639.0
2022-10-24,-0.025600989782159883,2666.0
2022-10-25,-0.02076488958322025,2654.0
2022-10-26,-0.02260056923413492,2711.0
2022-10-27,-0.011313155760798796,2650.0
2022-10-28,-0.014270513431867445,2646.0
2022-10-31,-0.02024655892709197,2584.0
2022-11-01,-0.016618856240830395,2660.0
2022-11-02,-0.007260527245610601,2633.0
2022-11-03,-0.008647836929018977,2642.0
2022-11-04,-0.006905856486647763,2682.0
2022-11-07,-0.012808776319563443,2682.0
2022-11-08,-0.007433982406955906,2673.0
2022-11-09,0.0011450764985145676,2654.0
2022-11-10,-0.01256803906049829,2620.0
2022-11-11,-0.007680467891627738,2673.0
2022-11-14,-0.009239795975771556,2682.0
2022-11-15,-0.017227742128026306,2682.0
2022-11-16,-0.024875011422094813,2628.0
2022-11-17,2.323636426913468e-05,2652.0
2022-11-18,-0.006590233009790215,2635.0
2022-11-21,-0.018861287934054925,2623.0
2022-11-22,-0.014221136499914147,2565.0
2022-11-23,-0.008217290050635033,2604.0
2022-11-24,0.004022098869089161,2539.0
2022-11-25,-0.010431458475900667,2643.0
2022-11-28,-0.02058411740075392,2640.0
2022-11-29,0.0024703967088717926,2606.0
2022-11-30,-0.005040639510154499,2654.0
2022-12-01,-0.011094972424104068,2628.0
2022-12-02,-0.00753184956645859,2640.0
2022-12-05,-0.014619491218024097,2632.0
2022-12-06,-0.014930040025837109,2665.0
2022-12-07,-0.023448332745792735,2563.0
2022-12-08,-0.019865643670333968,2602.0
2022-12-09,-0.0013266463146498642,2604.0
2022-12-12,-0.027933047974181183,2645.0
2022-12-13,-0.015940410116272823,2680.0
2022-12-14,-0.016259111187750187,2655.0
2022-12-15,-0.02157174706386719,2699.0
2022-12-16,-0.012596710134802624,2675.0
2022-12-19,-0.01284020067637166,2672.0
2022-12-20,-0.020423423172670974,2672.0
2022-12-21,-0.017494193977020758,2669.0
2022-12-22,-0.007667078093724243,2693.0
2022-12-23,-0.010522707682859749,2656.0
2022-12-26,-0.022955682518380784,2406.0
2022-12-27,-0.022672671669352856,2661.0
2022-12-28,-0.018121269498707303,2644.0
2022-12-29,-0.020661561675144338,2642.0
2022-12-30,-0.01107752117604769,2675.0
2023-01-03,-0.015022871683310521,2664.0
2023-01-04,-0.012340379089202798,2677.0
2023-01-05,-0.007915525324857679,2675.0
2023-01-06,-0.0059806235145703915,2651.0
2023-01-09,-0.006509401795169359,2699.0
2023-01-10,-0.016558524218909514,2607.0
2023-01-11,-0.009088087744800511,2684.0
2023-01-12,-0.021638644816107108,2627.0
2023-01-13,-0.016991809388276945,2649.0
2023-01-16,-0.009059197248492626,2341.0
2023-01-17,-0.004790120640903395,2665.0
2023-01-18,-0.008308107637676141,1311.0
2023-01-19,-0.030753546400354943,1156.0
2023-01-26,-0.019857916410943307,1284.0
2023-01-27,-0.011955084140794745,1294.0
2023-01-30,-0.012498570828583131,2623.0
2023-01-31,-0.008890952113686828,2487.0
2023-02-01,-0.005672429982488844,2643.0
2023-02-02,0.006369397819158276,2663.0
2023-02-03,-0.007472052147313064,2563.0
2023-02-06,-0.011732399785799241,2621.0
2023-02-07,-0.009632373877134438,2528.0
2023-02-08,0.003476131724797263,2597.0
2023-02-09,0.00446393264930214,2602.0
2023-02-10,-0.008567815900350124,2565.0
2023-02-13,-0.010117771176845057,2583.0
2023-02-14,-0.00464810367137087,2583.0
2023-02-15,-0.01627099451021767,2640.0
2023-02-16,-0.0075374736916729275,2639.0
2023-02-17,-0.005455572241808184,2611.0
2023-02-20,0.009411945662382334,2725.0
2023-02-21,-0.0018445634360986167,2735.0
2023-02-22,-0.01088752532676911,2572.0
2023-02-23,0.0008976599446082176,2658.0
2023-02-24,-0.00868721326150231,2628.0
2023-03-01,-0.011757165063658741,2636.0
2023-03-02,-0.022528016264867966,2639.0
2023-03-03,0.003986937493970528,2678.0
2023-03-06,-0.0023521460340289076,2599.0
2023-03-07,-0.006081951972882919,2654.0
2023-03-08,-0.01376177326920716,2632.0
2023-03-09,-0.008372813654722365,2631.0
2023-03-10,-0.015361230828589928,2688.0
2023-03-13,-0.022048773123508843,2617.0
2023-03-14,-0.01576091553971744,2621.0
2023-03-15,-0.004672347779347067,2729.0
2023-03-16,-0.01496234876687401,2596.0
2023-03-17,-0.004182998363454075,2592.0
2023-03-20,-0.024513056094936824,2665.0
2023-03-21,-0.01233822460735935,2588.0
2023-03-22,-0.010873225587873153,2652.0
2023-03-23,-0.009123089897485755,2657.0
2023-03-24,-0.007566186185401388,2638.0
2023-03-27,-0.020291421114265948,2653.0
2023-03-28,-0.014093982806603766,2621.0
2023-03-29,-0.004402500248998025,2547.0
2023-03-30,-0.0032318227408084563,2610.0
2023-03-31,-0.0035389956442697054,2615.0
2023-04-06,-0.008425934296161947,2648.0
2023-04-07,-0.008043914833112176,2596.0
2023-04-10,-0.017953013710669728,2614.0
2023-04-11,-0.011824708492318863,2634.0
2023-04-12,-0.009304815059921761,2653.0
2023-04-13,-0.016362560650571543,2592.0
2023-04-14,-0.00015916934276405194,2573.0
2023-04-17,-0.009290554575527224,2629.0
2023-04-18,-0.011266105330556055,2627.0
2023-04-19,-0.017035086624237243,2598.0
2023-04-20,-0.020416504702941977,2577.0
2023-04-21,-0.019247408041187172,2569.0
2023-04-24,-0.020939286893972887,2623.0
2023-04-25,-0.019702078020907933,2650.0
2023-04-26,-0.020655603164698385,2624.0
2023-04-27,-0.016750767123760144,2641.0
2023-04-28,-0.006203505139920623,2642.0
2023-05-02,-0.008447173488370955,2660.0
2023-05-03,-0.008154153308087822,2647.0
2023-05-04,0.0006968741220776194,2673.0
2023-05-05,-0.0037752046398557607,2639.0
2023-05-08,-0.01815425200455946,2629.0
2023-05-09,-0.01400012954648447,2583.0
2023-05-10,-0.004061249262950956,2646.0
2023-05-11,-0.015774213186313276,2623.0
2023-05-12,-0.006856004115919102,2580.0
2023-05-15,-0.021594844688250556,2621.0
2023-05-16,-0.009761570558330048,2634.0
2023-05-17,0.002808476095421777,2683.0
2023-05-18,-0.009455741210300378,2674.0
2023-05-19,0.003971490209430966,2629.0
2023-05-22,-0.00673936324850514,2638.0
2023-05-23,-0.014151231480707592,2654.0
2023-05-24,-0.017969018283556997,2627.0
2023-05-25,-0.01525136889318228,2675.0
2023-05-26,-0.009320038416284732,2643.0
2023-05-29,0.00586882190923899,2690.0
2023-05-30,-0.009929900284610873,2636.0
2023-05-31,-0.00039581490763515966,2633.0
2023-06-01,-0.0027270354321940055,2661.0
2023-06-02,0.004343690734328053,2633.0
2023-06-05,0.0011610543018269058,2670.0
2023-06-06,-0.002795765245737939,2654.0
2023-06-07,-0.005161709740131703,2641.0
2023-06-08,-0.004759538110655186,2617.0
2023-06-09,0.0024594908383225333,2669.0
2023-06-12,-0.013099345531015936,2627.0
2023-06-13,-0.0039186572517865255,2648.0
2023-06-14,-0.003667819306163244,2675.0
2023-06-15,-0.0057876989120229025,2665.0
2023-06-16,-0.00046248678192364494,2661.0
2023-06-19,-0.006603864547942,2613.0
2023-06-20,-0.01061048367009118,2660.0
2023-06-21,-0.0026905111088322384,2672.0
2023-06-26,-0.015764703498662637,2610.0
2023-06-27,-0.017888820578399564,2572.0
2023-06-28,-0.007328162781708408,2689.0
2023-06-29,-0.006329511774203545,2649.0
2023-06-30,0.005050401301176954,2707.0
2023-07-03,0.0010736577766408213,2658.0
2023-07-04,0.007924575022367137,2709.0
2023-07-05,-0.016421053355584123,2675.0
2023-07-06,-0.012649782168638497,2690.0
2023-07-07,-0.009812913636439885,2625.0
2023-07-10,-0.014057368865094502,2603.0
2023-07-11,-0.01234413866584523,2639.0
2023-07-12,-0.002152331052045901,2649.0
2023-07-13,-0.0026824948012902695,2673.0
2023-07-14,-0.00273628275220342,2723.0
2023-07-17,-0.00047077132346636696,2668.0
2023-07-18,-0.005543312163252347,2678.0
2023-07-19,-0.01278324864539906,2593.0
2023-07-20,-0.012370562857959023,2650.0
2023-07-21,-0.010712641862461918,2612.0
2023-07-24,-0.008894866160909332,2694.0
2023-07-25,-0.006347785916099096,2694.0
2023-07-26,-0.002824519011073829,2700.0
2023-07-27,-0.0027622451545458145,2666.0
2023-07-28,-0.006361881710316836,2693.0
2023-07-31,-0.004564080764518856,2677.0
2023-08-01,0.001989568564122185,2684.0
2023-08-02,-0.004738663639083301,2662.0
2023-08-03,-0.008041176211504155,1375.0
2023-08-04,-0.013316049308091707,2685.0
2023-08-07,-0.013554695887376312,2648.0
2023-08-08,-0.01716593900325684,2658.0
2023-08-09,-0.0164254115387719,2653.0
2023-08-10,-0.010411809185706078,2563.0
2023-08-11,-0.019617737252932626,2580.0
2023-08-14,-0.022218230116511407,2587.0
2023-08-15,-0.02186923854090129,2666.0
2023-08-16,-0.02347955522403138,2609.0
2023-08-17,-0.00721347812886659,2634.0
2023-08-18,-0.013111182567069966,2598.0
2023-08-21,-0.018405808293485905,2622.0
2023-08-22,-0.015680571964425256,2628.0
2023-08-23,-0.011570907790900937,2630.0
2023-08-24,-0.01405371346633749,2662.0
2023-08-25,-0.01284725487856621,2582.0
2023-08-28,-0.017660292307629413,2678.0
2023-08-29,-0.015316832498775345,2662.0
2023-08-30,-0.007787219508883296,2675.0
2023-08-31,-0.011733938179004276,2610.0
2023-09-01,-0.010379623525923308,2636.0
2023-09-04,-3.1343740114887116e-05,2684.0
2023-09-05,-0.010171596768439642,2669.0
2023-09-06,-0.008353844758352522,2610.0
2023-09-07,-0.013292666809455709,2654.0
2023-09-08,-0.014605083435232289,2600.0
2023-09-11,-0.01160515404500504,2619.0
2023-09-12,-0.011104157443254842,2653.0
2023-09-13,-0.00995583065729901,2677.0
2023-09-14,-0.001978250790766289,2669.0
2023-09-15,-0.00034850152076489093,2656.0
2023-09-18,-0.006341723542560877,2618.0
2023-09-19,-0.01958537080316838,2653.0
2023-09-20,-0.021927814935266764,2628.0
2023-09-21,-0.0178915554683876,2560.0
2023-09-22,-0.018882157811845112,2658.0
2023-09-25,-0.022145064071577826,2594.0
2023-09-26,-0.02214839300326832,2633.0
2023-09-27,-0.020672284962226034,2649.0
2023-09-28,-0.00948528097201441,2628.0
2023-10-02,-0.014468376804751715,2627.0
2023-10-03,-0.014719480212547993,2631.0
2023-10-04,-0.017943682833158038,2630.0
2023-10-05,-0.012943285518162389,2627.0
2023-10-06,-0.009782626600870713,2606.0
2023-10-11,-0.01735830593250035,2657.0
2023-10-12,-0.01156918220438211,2636.0
2023-10-13,-0.016675331198509908,2559.0
2023-10-16,0.0003527148591983019,2589.0
2023-10-17,-0.008865057705187156,2659.0
2023-10-18,-0.009901021636068208,2609.0
2023-10-19,-0.014045295333343612,2594.0
2023-10-20,-0.01970256812479935,2585.0
2023-10-23,-0.02706613760467443,2589.0
2023-10-24,-0.020136885276126934,2601.0
2023-10-25,-0.018587000233673365,2609.0
2023-10-26,-0.02875969669302135,2591.0
2023-10-27,-0.014318899153022079,2653.0
2023-10-30,-0.021034158899594944,2633.0
2023-10-31,-0.025238712682893134,2596.0
2023-11-01,-0.013262792491665029,2635.0
2023-11-02,-0.016648053324491003,2593.0
2023-11-03,-0.001023968596431505,2635.0
2023-11-06,-0.005125994625529604,2636.0
2023-11-07,-0.016196125783532852,2569.0
2023-11-08,-0.0067270194858891985,2626.0
2023-11-09,-0.008408824853963996,2587.0
2023-11-10,-0.010648202631967954,2566.0
2023-11-13,-0.019706407657806634,2520.0
2023-11-14,-0.008878997255004725,2565.0
2023-11-15,-0.018307036527454922,2589.0
2023-11-16,-0.01130348145202858,2530.0
2023-11-17,-0.003701368188175709,2624.0
2023-11-20,-0.003080393513302752,2593.0
2023-11-21,-0.0065923821425634115,2559.0
2023-11-22,-0.012249730348784904,2572.0
2023-11-23,0.0008383432361645902,2592.0
2023-11-24,-0.006541990368367662,2582.0
2023-11-27,-0.01845040844394284,2570.0
2023-11-28,-0.0054161608952381255,2615.0
2023-11-29,-0.007874232483967913,2610.0
