證券代碼	簡稱	年月日	收盤價(元)	流通在外股數(千股)
Y9998  	TEJ 大盤     	20180102	 10710.7300	   705692240
Y9998  	TEJ 大盤     	20180103	 10801.5700	   705692240
Y9998  	TEJ 大盤     	20180104	 10848.6300	   705692288
Y9998  	TEJ 大盤     	20180105	 10879.8000	   705692288
Y9998  	TEJ 大盤     	20180108	 10915.7500	   705683450
Y9998  	TEJ 大盤     	20180109	 10914.8900	   705683450
Y9998  	TEJ 大盤     	20180110	 10831.0900	   705683450
Y9998  	TEJ 大盤     	20180111	 10810.0600	   705488983
Y9998  	TEJ 大盤     	20180112	 10883.9600	   705485983
Y9998  	TEJ 大盤     	20180115	 10956.3100	   705485983
Y9998  	TEJ 大盤     	20180116	 10986.1100	   705485983
Y9998  	TEJ 大盤     	20180117	 11004.8000	   705485983
Y9998  	TEJ 大盤     	20180118	 11071.5700	   705483953
Y9998  	TEJ 大盤     	20180119	 11150.8500	   705483953
Y9998  	TEJ 大盤     	20180122	 11231.4600	   705484179
Y9998  	TEJ 大盤     	20180123	 11253.1100	   705484179
Y9998  	TEJ 大盤     	20180124	 11152.1600	   705484179
Y9998  	TEJ 大盤     	20180125	 11165.9500	   705484179
Y9998  	TEJ 大盤     	20180126	 11147.1000	   705484179
Y9998  	TEJ 大盤     	20180129	 11221.8100	   705484016
Y9998  	TEJ 大盤     	20180130	 11076.7800	   705490022
Y9998  	TEJ 大盤     	20180131	 11103.7900	   705616688
Y9998  	TEJ 大盤     	20180201	 11160.2500	   705824021
Y9998  	TEJ 大盤     	20180202	 11126.2300	   705824021
Y9998  	TEJ 大盤     	20180205	 10946.2500	   705900861
Y9998  	TEJ 大盤     	20180206	 10404.0000	   705906846
Y9998  	TEJ 大盤     	20180207	 10551.5400	   705906849
Y9998  	TEJ 大盤     	20180208	 10528.5200	   705907949
Y9998  	TEJ 大盤     	20180209	 10371.7500	   705780447
Y9998  	TEJ 大盤     	20180212	 10421.0900	   705780447
Y9998  	TEJ 大盤     	20180221	 10714.4400	   705780253
Y9998  	TEJ 大盤     	20180222	 10662.3800	   705780253
Y9998  	TEJ 大盤     	20180223	 10794.5500	   705780421
Y9998  	TEJ 大盤     	20180226	 10836.7000	   705780421
Y9998  	TEJ 大盤     	20180227	 10815.4700	   706062172
Y9998  	TEJ 大盤     	20180301	 10785.7900	   706519207
Y9998  	TEJ 大盤     	20180302	 10698.1700	   706520584
Y9998  	TEJ 大盤     	20180305	 10642.9000	   706520604
Y9998  	TEJ 大盤     	20180306	 10784.3400	   706519515
Y9998  	TEJ 大盤     	20180307	 10745.3200	   706517755
Y9998  	TEJ 大盤     	20180308	 10823.2400	   706448790
Y9998  	TEJ 大盤     	20180309	 10864.8200	   706449090
Y9998  	TEJ 大盤     	20180312	 11002.1000	   706448671
Y9998  	TEJ 大盤     	20180313	 11095.6300	   706448671
Y9998  	TEJ 大盤     	20180314	 11038.8000	   706548656
Y9998  	TEJ 大盤     	20180315	 11018.4500	   706526262
Y9998  	TEJ 大盤     	20180316	 11027.7000	   706518679
Y9998  	TEJ 大盤     	20180319	 11046.9000	   706565780
Y9998  	TEJ 大盤     	20180320	 11010.8400	   706565780
Y9998  	TEJ 大盤     	20180321	 11011.0700	   706565780
Y9998  	TEJ 大盤     	20180322	 11005.8400	   706558541
Y9998  	TEJ 大盤     	20180323	 10823.3300	   706558673
Y9998  	TEJ 大盤     	20180326	 10840.0500	   706556252
Y9998  	TEJ 大盤     	20180327	 10986.7900	   706553252
Y9998  	TEJ 大盤     	20180328	 10865.6600	   706553297
Y9998  	TEJ 大盤     	20180329	 10845.9200	   706570797
Y9998  	TEJ 大盤     	20180330	 10906.2200	   706571818
Y9998  	TEJ 大盤     	20180331	 10919.4900	   706897185
Y9998  	TEJ 大盤     	20180402	 10888.2700	   707119194
Y9998  	TEJ 大盤     	20180403	 10821.5300	   707125442
Y9998  	TEJ 大盤     	20180409	 10893.5300	   706900005
Y9998  	TEJ 大盤     	20180410	 10927.1800	   706900039
Y9998  	TEJ 大盤     	20180411	 10974.0200	   706908654
Y9998  	TEJ 大盤     	20180412	 10955.2900	   706908644
Y9998  	TEJ 大盤     	20180413	 10965.3900	   706908644
Y9998  	TEJ 大盤     	20180416	 10954.5500	   706786792
Y9998  	TEJ 大盤     	20180417	 10810.4500	   706786819
Y9998  	TEJ 大盤     	20180418	 10847.8900	   694983416
Y9998  	TEJ 大盤     	20180419	 10971.2200	   694983416
Y9998  	TEJ 大盤     	20180420	 10779.3800	   694983701
Y9998  	TEJ 大盤     	20180423	 10697.1300	   694983486
Y9998  	TEJ 大盤     	20180424	 10579.5000	   694983189
Y9998  	TEJ 大盤     	20180425	 10559.9700	   694983189
Y9998  	TEJ 大盤     	20180426	 10488.5800	   694988990
Y9998  	TEJ 大盤     	20180427	 10553.4300	   694986804
Y9998  	TEJ 大盤     	20180430	 10657.8800	   699333965
Y9998  	TEJ 大盤     	20180502	 10618.8100	   699362368
Y9998  	TEJ 大盤     	20180503	 10514.1800	   699354618
Y9998  	TEJ 大盤     	20180504	 10529.3700	   699353889
Y9998  	TEJ 大盤     	20180507	 10604.9100	   699352192
Y9998  	TEJ 大盤     	20180508	 10691.3800	   699352118
Y9998  	TEJ 大盤     	20180509	 10703.3500	   699340027
Y9998  	TEJ 大盤     	20180510	 10760.2100	   699340027
Y9998  	TEJ 大盤     	20180511	 10858.9800	   699338622
Y9998  	TEJ 大盤     	20180514	 10952.3900	   699338417
Y9998  	TEJ 大盤     	20180515	 10874.7300	   699338442
Y9998  	TEJ 大盤     	20180516	 10897.5700	   699323256
Y9998  	TEJ 大盤     	20180517	 10833.8100	   699323276
Y9998  	TEJ 大盤     	20180518	 10830.8400	   699535376
Y9998  	TEJ 大盤     	20180521	 10966.2000	   699535372
Y9998  	TEJ 大盤     	20180522	 10938.7300	   699535372
Y9998  	TEJ 大盤     	20180523	 10886.1800	   699535372
Y9998  	TEJ 大盤     	20180524	 10936.9300	   699535372
Y9998  	TEJ 大盤     	20180525	 10942.3000	   699618951
Y9998  	TEJ 大盤     	20180528	 10987.7700	   699618951
Y9998  	TEJ 大盤     	20180529	 10964.1200	   699663951
Y9998  	TEJ 大盤     	20180530	 10821.1700	   699664266
Y9998  	TEJ 大盤     	20180531	 10874.9600	   699664152
Y9998  	TEJ 大盤     	20180601	 10949.0800	   699908925
Y9998  	TEJ 大盤     	20180604	 11109.5000	   699888279
Y9998  	TEJ 大盤     	20180605	 11100.1100	   699888274
Y9998  	TEJ 大盤     	20180606	 11201.8300	   699918415
Y9998  	TEJ 大盤     	20180607	 11251.7500	   699858415
Y9998  	TEJ 大盤     	20180608	 11156.4200	   699858415
Y9998  	TEJ 大盤     	20180611	 11149.2300	   699858415
Y9998  	TEJ 大盤     	20180612	 11144.7900	   699877482
Y9998  	TEJ 大盤     	20180613	 11173.2100	   699945713
Y9998  	TEJ 大盤     	20180614	 11013.9800	   699954303
Y9998  	TEJ 大盤     	20180615	 11087.4700	   699954367
Y9998  	TEJ 大盤     	20180619	 10904.1900	   700063429
Y9998  	TEJ 大盤     	20180620	 10927.4400	   700059960
Y9998  	TEJ 大盤     	20180621	 10941.0700	   700075987
Y9998  	TEJ 大盤     	20180622	 10899.2800	   700080354
Y9998  	TEJ 大盤     	20180625	 10786.4600	   700081430
Y9998  	TEJ 大盤     	20180626	 10742.1700	   700092050
Y9998  	TEJ 大盤     	20180627	 10701.0300	   700092050
Y9998  	TEJ 大盤     	20180628	 10654.2800	   700092525
Y9998  	TEJ 大盤     	20180629	 10836.9100	   700347701
Y9998  	TEJ 大盤     	20180702	 10777.9400	   700525026
Y9998  	TEJ 大盤     	20180703	 10715.7200	   700525026
Y9998  	TEJ 大盤     	20180704	 10721.8700	   700534033
Y9998  	TEJ 大盤     	20180705	 10611.8100	   700541448
Y9998  	TEJ 大盤     	20180706	 10608.5700	   700541166
Y9998  	TEJ 大盤     	20180709	 10720.2800	   700611307
Y9998  	TEJ 大盤     	20180710	 10756.8900	   700636430
Y9998  	TEJ 大盤     	20180711	 10676.8400	   700518908
Y9998  	TEJ 大盤     	20180712	 10738.3800	   699827625
Y9998  	TEJ 大盤     	20180713	 10864.5400	   699827700
Y9998  	TEJ 大盤     	20180716	 10817.4500	   699908647
Y9998  	TEJ 大盤     	20180717	 10778.9900	   699925489
Y9998  	TEJ 大盤     	20180718	 10842.4600	   699949308
Y9998  	TEJ 大盤     	20180719	 10835.3800	   699151363
Y9998  	TEJ 大盤     	20180720	 10932.1100	   699154660
Y9998  	TEJ 大盤     	20180723	 10946.8900	   699175064
Y9998  	TEJ 大盤     	20180724	 10995.3900	   699195302
Y9998  	TEJ 大盤     	20180725	 10965.7900	   699247366
Y9998  	TEJ 大盤     	20180726	 11010.6100	   700347868
Y9998  	TEJ 大盤     	20180727	 11075.7800	   700365073
Y9998  	TEJ 大盤     	20180730	 11033.5400	   700398807
Y9998  	TEJ 大盤     	20180731	 11057.5100	   700677239
Y9998  	TEJ 大盤     	20180801	 11098.1300	   700940529
Y9998  	TEJ 大盤     	20180802	 10929.7700	   701022418
Y9998  	TEJ 大盤     	20180803	 11012.4300	   701766700
Y9998  	TEJ 大盤     	20180806	 11024.1000	   701716847
Y9998  	TEJ 大盤     	20180807	 10983.4400	   702015732
Y9998  	TEJ 大盤     	20180808	 11075.2500	   702019072
Y9998  	TEJ 大盤     	20180809	 11028.0700	   702030281
Y9998  	TEJ 大盤     	20180810	 10983.6800	   702243069
Y9998  	TEJ 大盤     	20180813	 10748.9200	   702242877
Y9998  	TEJ 大盤     	20180814	 10824.2300	   702383853
Y9998  	TEJ 大盤     	20180815	 10716.7500	   702605253
Y9998  	TEJ 大盤     	20180816	 10683.9000	   702555348
Y9998  	TEJ 大盤     	20180817	 10690.9600	   702538928
Y9998  	TEJ 大盤     	20180820	 10699.0500	   702659180
Y9998  	TEJ 大盤     	20180821	 10792.2000	   703037261
Y9998  	TEJ 大盤     	20180822	 10804.2000	   703491467
Y9998  	TEJ 大盤     	20180823	 10863.1300	   703611378
Y9998  	TEJ 大盤     	20180824	 10809.3500	   704053489
Y9998  	TEJ 大盤     	20180827	 10902.2100	   704219983
Y9998  	TEJ 大盤     	20180828	 10989.5500	   704248765
Y9998  	TEJ 大盤     	20180829	 11099.5700	   704576519
Y9998  	TEJ 大盤     	20180830	 11093.7500	   704331459
Y9998  	TEJ 大盤     	20180831	 11063.9400	   704414206
Y9998  	TEJ 大盤     	20180903	 10964.2200	   705557890
Y9998  	TEJ 大盤     	20180904	 11021.3800	   705929410
Y9998  	TEJ 大盤     	20180905	 10995.1300	   706149767
Y9998  	TEJ 大盤     	20180906	 10924.3000	   704448833
Y9998  	TEJ 大盤     	20180907	 10846.9900	   704448833
Y9998  	TEJ 大盤     	20180910	 10725.8000	   704451700
Y9998  	TEJ 大盤     	20180911	 10752.3000	   704660223
Y9998  	TEJ 大盤     	20180912	 10722.5700	   704660223
Y9998  	TEJ 大盤     	20180913	 10727.2300	   703462489
Y9998  	TEJ 大盤     	20180914	 10868.1400	   703462489
Y9998  	TEJ 大盤     	20180917	 10828.6100	   703461089
Y9998  	TEJ 大盤     	20180918	 10760.2100	   700645438
Y9998  	TEJ 大盤     	20180919	 10857.2700	   700698732
Y9998  	TEJ 大盤     	20180920	 10831.4100	   698998350
Y9998  	TEJ 大盤     	20180921	 10972.4100	   698997933
Y9998  	TEJ 大盤     	20180925	 10978.8500	   698994437
Y9998  	TEJ 大盤     	20180926	 10974.1900	   698994437
Y9998  	TEJ 大盤     	20180927	 11034.1900	   697322731
Y9998  	TEJ 大盤     	20180928	 11006.3400	   697350656
Y9998  	TEJ 大盤     	20181001	 11051.8000	   700428904
Y9998  	TEJ 大盤     	20181002	 10919.6300	   700428904
Y9998  	TEJ 大盤     	20181003	 10863.9400	   700428904
Y9998  	TEJ 大盤     	20181004	 10718.9100	   700110849
Y9998  	TEJ 大盤     	20181005	 10517.1200	   700110849
Y9998  	TEJ 大盤     	20181008	 10455.9300	   700107249
Y9998  	TEJ 大盤     	20181009	 10466.8300	   700107249
Y9998  	TEJ 大盤     	20181011	  9806.1100	   699171236
Y9998  	TEJ 大盤     	20181012	 10045.8100	   699166145
Y9998  	TEJ 大盤     	20181015	  9901.1200	   699493297
Y9998  	TEJ 大盤     	20181016	  9981.1000	   699495124
Y9998  	TEJ 大盤     	20181017	  9979.1400	   699495124
Y9998  	TEJ 大盤     	20181018	  9953.7300	   680207625
Y9998  	TEJ 大盤     	20181019	  9919.2600	   680307625
Y9998  	TEJ 大盤     	20181022	  9974.2800	   680307343
Y9998  	TEJ 大盤     	20181023	  9775.2000	   680307343
Y9998  	TEJ 大盤     	20181024	  9759.4000	   680307343
Y9998  	TEJ 大盤     	20181025	  9520.7900	   680152323
Y9998  	TEJ 大盤     	20181026	  9489.1800	   680148539
Y9998  	TEJ 大盤     	20181029	  9516.3200	   680148539
Y9998  	TEJ 大盤     	20181030	  9526.1100	   680143779
Y9998  	TEJ 大盤     	20181031	  9802.1300	   680540285
Y9998  	TEJ 大盤     	20181101	  9844.7400	   683178687
Y9998  	TEJ 大盤     	20181102	  9906.5900	   683173687
Y9998  	TEJ 大盤     	20181105	  9889.8100	   682791349
Y9998  	TEJ 大盤     	20181106	  9824.9500	   682789349
Y9998  	TEJ 大盤     	20181107	  9908.3500	   682864100
Y9998  	TEJ 大盤     	20181108	  9945.3100	   682864083
Y9998  	TEJ 大盤     	20181109	  9830.0100	   682857389
Y9998  	TEJ 大盤     	20181112	  9831.2100	   682803434
Y9998  	TEJ 大盤     	20181113	  9775.8400	   682785212
Y9998  	TEJ 大盤     	20181114	  9791.8800	   682757326
Y9998  	TEJ 大盤     	20181115	  9826.4600	   682829444
Y9998  	TEJ 大盤     	20181116	  9797.0900	   682829974
Y9998  	TEJ 大盤     	20181119	  9828.6900	   682685540
Y9998  	TEJ 大盤     	20181120	  9743.9900	   682735602
Y9998  	TEJ 大盤     	20181121	  9741.5200	   682733680
Y9998  	TEJ 大盤     	20181122	  9714.7100	   681707334
Y9998  	TEJ 大盤     	20181123	  9667.3000	   681699409
Y9998  	TEJ 大盤     	20181126	  9765.3600	   681730409
Y9998  	TEJ 大盤     	20181127	  9778.6200	   681734344
Y9998  	TEJ 大盤     	20181128	  9884.3100	   681734684
Y9998  	TEJ 大盤     	20181129	  9885.3600	   681526451
Y9998  	TEJ 大盤     	20181130	  9888.0300	   681548191
Y9998  	TEJ 大盤     	20181203	 10137.8700	   704895008
Y9998  	TEJ 大盤     	20181204	 10083.5400	   704567227
Y9998  	TEJ 大盤     	20181205	  9916.7400	   704890589
Y9998  	TEJ 大盤     	20181206	  9684.7200	   704890662
Y9998  	TEJ 大盤     	20181207	  9760.8800	   704890543
Y9998  	TEJ 大盤     	20181210	  9647.5400	   704890543
Y9998  	TEJ 大盤     	20181211	  9707.0400	   704893000
Y9998  	TEJ 大盤     	20181212	  9816.4500	   704893000
Y9998  	TEJ 大盤     	20181213	  9858.7600	   704893000
Y9998  	TEJ 大盤     	20181214	  9774.1600	   704893000
Y9998  	TEJ 大盤     	20181217	  9787.5300	   704883007
Y9998  	TEJ 大盤     	20181218	  9718.8200	   704877007
Y9998  	TEJ 大盤     	20181219	  9783.2100	   704881885
Y9998  	TEJ 大盤     	20181220	  9674.5200	   704881680
Y9998  	TEJ 大盤     	20181221	  9676.6700	   704617690
Y9998  	TEJ 大盤     	20181222	  9646.1600	   704717690
Y9998  	TEJ 大盤     	20181224	  9639.7000	   704717692
Y9998  	TEJ 大盤     	20181225	  9527.0900	   704717238
Y9998  	TEJ 大盤     	20181226	  9478.9900	   704695079
Y9998  	TEJ 大盤     	20181227	  9641.5600	   704695079
Y9998  	TEJ 大盤     	20181228	  9727.4100	   704729497
Y9998  	TEJ 大盤     	20190102	  9554.1400	   705346244
Y9998  	TEJ 大盤     	20190103	  9492.4200	   705346244
Y9998  	TEJ 大盤     	20190104	  9382.5100	   705346344
Y9998  	TEJ 大盤     	20190107	  9590.3000	   705351344
Y9998  	TEJ 大盤     	20190108	  9563.6000	   705351344
Y9998  	TEJ 大盤     	20190109	  9738.3100	   705351344
Y9998  	TEJ 大盤     	20190110	  9720.6900	   705351344
Y9998  	TEJ 大盤     	20190111	  9759.4000	   705351344
Y9998  	TEJ 大盤     	20190114	  9708.2200	   705346553
Y9998  	TEJ 大盤     	20190115	  9806.0400	   705346553
Y9998  	TEJ 大盤     	20190116	  9763.8100	   705346553
Y9998  	TEJ 大盤     	20190117	  9789.1500	   705346666
Y9998  	TEJ 大盤     	20190118	  9836.0600	   705346666
Y9998  	TEJ 大盤     	20190121	  9889.4000	   705336649
Y9998  	TEJ 大盤     	20190122	  9894.6600	   705336524
Y9998  	TEJ 大盤     	20190123	  9846.4000	   705336613
Y9998  	TEJ 大盤     	20190124	  9877.1200	   704462210
Y9998  	TEJ 大盤     	20190125	  9969.6100	   704462210
Y9998  	TEJ 大盤     	20190128	 10013.3300	   704462210
Y9998  	TEJ 大盤     	20190129	  9931.5900	   704462210
Y9998  	TEJ 大盤     	20190130	  9932.2600	   704462210
Y9998  	TEJ 大盤     	20190211	 10004.2500	   706254010
Y9998  	TEJ 大盤     	20190212	 10097.7400	   706251425
Y9998  	TEJ 大盤     	20190213	 10090.5800	   706251425
Y9998  	TEJ 大盤     	20190214	 10089.0100	   706251599
Y9998  	TEJ 大盤     	20190215	 10064.7800	   705828039
Y9998  	TEJ 大盤     	20190218	 10145.2800	   705851851
Y9998  	TEJ 大盤     	20190219	 10152.2600	   705851851
Y9998  	TEJ 大盤     	20190220	 10272.4600	   705851851
Y9998  	TEJ 大盤     	20190221	 10319.5300	   705859789
Y9998  	TEJ 大盤     	20190222	 10322.9200	   705859656
Y9998  	TEJ 大盤     	20190225	 10390.9300	   705862656
Y9998  	TEJ 大盤     	20190226	 10391.5500	   705870124
Y9998  	TEJ 大盤     	20190227	 10389.1700	   705855482
Y9998  	TEJ 大盤     	20190304	 10349.8800	   706225542
Y9998  	TEJ 大盤     	20190305	 10305.2600	   706223848
Y9998  	TEJ 大盤     	20190306	 10357.1500	   706223848
Y9998  	TEJ 大盤     	20190307	 10311.6800	   706223908
Y9998  	TEJ 大盤     	20190308	 10241.7500	   706223618
Y9998  	TEJ 大盤     	20190311	 10250.2800	   705903646
Y9998  	TEJ 大盤     	20190312	 10343.3300	   705899948
Y9998  	TEJ 大盤     	20190313	 10373.3200	   705899948
Y9998  	TEJ 大盤     	20190314	 10348.6500	   705538589
Y9998  	TEJ 大盤     	20190315	 10439.2400	   705445251
Y9998  	TEJ 大盤     	20190318	 10512.7000	   705442543
Y9998  	TEJ 大盤     	20190319	 10512.3200	   705437853
Y9998  	TEJ 大盤     	20190320	 10551.5600	   705446334
Y9998  	TEJ 大盤     	20190321	 10609.5500	   705440134
Y9998  	TEJ 大盤     	20190322	 10639.0700	   705325338
Y9998  	TEJ 大盤     	20190325	 10479.4800	   705308274
Y9998  	TEJ 大盤     	20190326	 10559.2000	   705306390
Y9998  	TEJ 大盤     	20190327	 10542.7000	   705306368
Y9998  	TEJ 大盤     	20190328	 10536.2600	   705306567
Y9998  	TEJ 大盤     	20190329	 10641.0400	   705356468
Y9998  	TEJ 大盤     	20190401	 10642.6300	   705619809
Y9998  	TEJ 大盤     	20190402	 10690.3000	   705662420
Y9998  	TEJ 大盤     	20190403	 10704.3800	   705666537
Y9998  	TEJ 大盤     	20190408	 10800.5700	   704753965
Y9998  	TEJ 大盤     	20190409	 10851.6000	   704756977
Y9998  	TEJ 大盤     	20190410	 10868.1400	   704756977
Y9998  	TEJ 大盤     	20190411	 10808.7700	   704750977
Y9998  	TEJ 大盤     	20190412	 10805.3000	   704738995
Y9998  	TEJ 大盤     	20190415	 10875.6000	   704737574
Y9998  	TEJ 大盤     	20190416	 10927.8500	   704737580
Y9998  	TEJ 大盤     	20190417	 10997.2600	   704737580
Y9998  	TEJ 大盤     	20190418	 10962.0200	   704861093
Y9998  	TEJ 大盤     	20190419	 10968.5000	   704861093
Y9998  	TEJ 大盤     	20190422	 10987.7100	   704861026
Y9998  	TEJ 大盤     	20190423	 11025.6800	   704861699
Y9998  	TEJ 大盤     	20190424	 11027.6400	   704861699
Y9998  	TEJ 大盤     	20190425	 11039.8600	   704858705
Y9998  	TEJ 大盤     	20190426	 10952.4700	   704858705
Y9998  	TEJ 大盤     	20190429	 10939.0600	   704858705
Y9998  	TEJ 大盤     	20190430	 10967.7300	   705005488
Y9998  	TEJ 大盤     	20190502	 11004.4900	   705357728
Y9998  	TEJ 大盤     	20190503	 11096.3000	   705357728
Y9998  	TEJ 大盤     	20190506	 10897.1200	   705355728
Y9998  	TEJ 大盤     	20190507	 10987.1400	   705355306
Y9998  	TEJ 大盤     	20190508	 10923.7100	   705355306
Y9998  	TEJ 大盤     	20190509	 10733.6700	   705335887
Y9998  	TEJ 大盤     	20190510	 10712.9900	   705334969
Y9998  	TEJ 大盤     	20190513	 10558.2900	   705333316
Y9998  	TEJ 大盤     	20190514	 10519.2500	   705333316
Y9998  	TEJ 大盤     	20190515	 10560.7100	   705333256
Y9998  	TEJ 大盤     	20190516	 10474.6100	   705333256
Y9998  	TEJ 大盤     	20190517	 10384.1100	   705331608
Y9998  	TEJ 大盤     	20190520	 10398.4100	   705362576
Y9998  	TEJ 大盤     	20190521	 10464.5000	   705366076
Y9998  	TEJ 大盤     	20190522	 10457.2200	   705365010
Y9998  	TEJ 大盤     	20190523	 10308.3700	   705365390
Y9998  	TEJ 大盤     	20190524	 10328.2800	   705365390
Y9998  	TEJ 大盤     	20190527	 10334.1300	   705365390
Y9998  	TEJ 大盤     	20190528	 10312.3100	   705365390
Y9998  	TEJ 大盤     	20190529	 10301.7800	   705365402
Y9998  	TEJ 大盤     	20190530	 10382.9900	   705365402
Y9998  	TEJ 大盤     	20190531	 10498.4900	   705368745
Y9998  	TEJ 大盤     	20190603	 10500.0700	   705889402
Y9998  	TEJ 大盤     	20190604	 10429.1200	   705889402
Y9998  	TEJ 大盤     	20190605	 10461.6200	   705889822
Y9998  	TEJ 大盤     	20190606	 10409.2000	   705889822
Y9998  	TEJ 大盤     	20190610	 10566.4700	   705889777
Y9998  	TEJ 大盤     	20190611	 10607.7600	   705889777
Y9998  	TEJ 大盤     	20190612	 10615.6600	   705889777
Y9998  	TEJ 大盤     	20190613	 10561.0100	   705887963
Y9998  	TEJ 大盤     	20190614	 10524.6700	   705887963
Y9998  	TEJ 大盤     	20190617	 10530.5400	   705893589
Y9998  	TEJ 大盤     	20190618	 10566.7400	   705893589
Y9998  	TEJ 大盤     	20190619	 10775.3400	   705908564
Y9998  	TEJ 大盤     	20190620	 10785.0100	   705908569
Y9998  	TEJ 大盤     	20190621	 10803.7700	   705425249
Y9998  	TEJ 大盤     	20190624	 10779.4500	   705425249
Y9998  	TEJ 大盤     	20190625	 10706.7200	   705428190
Y9998  	TEJ 大盤     	20190626	 10652.5500	   705428190
Y9998  	TEJ 大盤     	20190627	 10773.9000	   705563200
Y9998  	TEJ 大盤     	20190628	 10730.8300	   705511898
Y9998  	TEJ 大盤     	20190701	 10895.4600	   705599022
Y9998  	TEJ 大盤     	20190702	 10865.1200	   705599022
Y9998  	TEJ 大盤     	20190703	 10743.7700	   705606808
Y9998  	TEJ 大盤     	20190704	 10775.9000	   705636808
Y9998  	TEJ 大盤     	20190705	 10785.7300	   705636808
Y9998  	TEJ 大盤     	20190708	 10751.2200	   705642941
Y9998  	TEJ 大盤     	20190709	 10702.7800	   705654673
Y9998  	TEJ 大盤     	20190710	 10798.4800	   705654716
Y9998  	TEJ 大盤     	20190711	 10843.4200	   705717239
Y9998  	TEJ 大盤     	20190712	 10824.3500	   705722409
Y9998  	TEJ 大盤     	20190715	 10876.4300	   705724592
Y9998  	TEJ 大盤     	20190716	 10886.0500	   705733581
Y9998  	TEJ 大盤     	20190717	 10828.4800	   705736646
Y9998  	TEJ 大盤     	20190718	 10799.2800	   705736646
Y9998  	TEJ 大盤     	20190719	 10873.1900	   705744565
Y9998  	TEJ 大盤     	20190722	 10944.5300	   705792380
Y9998  	TEJ 大盤     	20190723	 10947.2600	   705872881
Y9998  	TEJ 大盤     	20190724	 10935.7600	   705911507
Y9998  	TEJ 大盤     	20190725	 10941.4100	   706741577
Y9998  	TEJ 大盤     	20190726	 10891.9800	   706744800
Y9998  	TEJ 大盤     	20190729	 10885.7300	   706748241
Y9998  	TEJ 大盤     	20190730	 10830.9000	   706748241
Y9998  	TEJ 大盤     	20190731	 10823.8100	   706839436
Y9998  	TEJ 大盤     	20190801	 10731.7500	   706862159
Y9998  	TEJ 大盤     	20190802	 10549.0400	   707056601
Y9998  	TEJ 大盤     	20190805	 10423.4100	   707186953
Y9998  	TEJ 大盤     	20190806	 10394.7500	   707490668
Y9998  	TEJ 大盤     	20190807	 10386.1800	   707539978
Y9998  	TEJ 大盤     	20190808	 10494.4900	   707652162
Y9998  	TEJ 大盤     	20190812	 10472.3600	   707987970
Y9998  	TEJ 大盤     	20190813	 10362.6600	   708344733
Y9998  	TEJ 大盤     	20190814	 10427.7300	   709043757
Y9998  	TEJ 大盤     	20190815	 10327.1300	   709746717
Y9998  	TEJ 大盤     	20190816	 10420.8900	   709746668
Y9998  	TEJ 大盤     	20190819	 10488.7500	   709639610
Y9998  	TEJ 大盤     	20190820	 10522.5000	   709652784
Y9998  	TEJ 大盤     	20190821	 10525.8000	   709694426
Y9998  	TEJ 大盤     	20190822	 10529.7800	   709704799
Y9998  	TEJ 大盤     	20190823	 10538.1100	   709732523
Y9998  	TEJ 大盤     	20190826	 10354.5700	   710223012
Y9998  	TEJ 大盤     	20190827	 10387.2300	   710870973
Y9998  	TEJ 大盤     	20190828	 10434.2900	   711130808
Y9998  	TEJ 大盤     	20190829	 10462.4300	   710693533
Y9998  	TEJ 大盤     	20190830	 10618.0500	   710740140
Y9998  	TEJ 大盤     	20190902	 10634.8500	   711126196
Y9998  	TEJ 大盤     	20190903	 10558.2100	   711186296
Y9998  	TEJ 大盤     	20190904	 10657.3100	   711190893
Y9998  	TEJ 大盤     	20190905	 10756.9300	   711349494
Y9998  	TEJ 大盤     	20190906	 10780.6400	   711349494
Y9998  	TEJ 大盤     	20190909	 10801.1400	   711693906
Y9998  	TEJ 大盤     	20190910	 10753.5800	   711773914
Y9998  	TEJ 大盤     	20190911	 10790.3500	   711189665
Y9998  	TEJ 大盤     	20190912	 10827.5500	   711074157
Y9998  	TEJ 大盤     	20190916	 10898.1300	   710704901
Y9998  	TEJ 大盤     	20190917	 10874.5000	   710765189
Y9998  	TEJ 大盤     	20190918	 10929.4500	   710765189
Y9998  	TEJ 大盤     	20190919	 10894.7000	   709039163
Y9998  	TEJ 大盤     	20190920	 10929.6900	   709056212
Y9998  	TEJ 大盤     	20190923	 10919.0200	   709055893
Y9998  	TEJ 大盤     	20190924	 10918.0100	   709084092
Y9998  	TEJ 大盤     	20190925	 10873.6900	   709100518
Y9998  	TEJ 大盤     	20190926	 10871.9900	   707130411
Y9998  	TEJ 大盤     	20190927	 10829.6800	   707155962
Y9998  	TEJ 大盤     	20191001	 10967.6500	   707463195
Y9998  	TEJ 大盤     	20191002	 10947.8800	   707447574
Y9998  	TEJ 大盤     	20191003	 10875.9100	   707447574
Y9998  	TEJ 大盤     	20191004	 10894.4800	   707547574
Y9998  	TEJ 大盤     	20191007	 10935.0600	   707547574
Y9998  	TEJ 大盤     	20191008	 11017.3100	   707384224
Y9998  	TEJ 大盤     	20191009	 10889.9600	   707384224
Y9998  	TEJ 大盤     	20191014	 11066.9500	   708065783
Y9998  	TEJ 大盤     	20191015	 11111.8000	   708065783
Y9998  	TEJ 大盤     	20191016	 11162.8300	   708065785
Y9998  	TEJ 大盤     	20191017	 11186.8800	   707994122
Y9998  	TEJ 大盤     	20191018	 11180.2200	   707994122
Y9998  	TEJ 大盤     	20191021	 11184.1500	   707994090
Y9998  	TEJ 大盤     	20191022	 11271.2500	   707994166
Y9998  	TEJ 大盤     	20191023	 11239.6700	   708012391
Y9998  	TEJ 大盤     	20191024	 11320.1400	   707727332
Y9998  	TEJ 大盤     	20191025	 11296.1200	   707727332
Y9998  	TEJ 大盤     	20191028	 11315.0200	   707727332
Y9998  	TEJ 大盤     	20191029	 11333.8700	   707727332
Y9998  	TEJ 大盤     	20191030	 11380.2800	   707727026
Y9998  	TEJ 大盤     	20191031	 11358.7100	   707418094
Y9998  	TEJ 大盤     	20191101	 11399.5300	   710065992
Y9998  	TEJ 大盤     	20191104	 11556.8500	   710096705
Y9998  	TEJ 大盤     	20191105	 11644.0300	   710396705
Y9998  	TEJ 大盤     	20191106	 11653.0700	   710446509
Y9998  	TEJ 大盤     	20191107	 11606.5600	   710467986
Y9998  	TEJ 大盤     	20191108	 11579.5400	   710226973
Y9998  	TEJ 大盤     	20191111	 11427.2800	   710226686
Y9998  	TEJ 大盤     	20191112	 11520.3700	   710225093
Y9998  	TEJ 大盤     	20191113	 11467.8300	   710223924
Y9998  	TEJ 大盤     	20191114	 11450.4200	   709737874
Y9998  	TEJ 大盤     	20191115	 11525.6000	   709738275
Y9998  	TEJ 大盤     	20191118	 11599.7800	   709738275
Y9998  	TEJ 大盤     	20191119	 11656.4000	   709350221
Y9998  	TEJ 大盤     	20191120	 11631.2000	   709357426
Y9998  	TEJ 大盤     	20191121	 11558.2700	   710379426
Y9998  	TEJ 大盤     	20191122	 11566.8000	   710510312
Y9998  	TEJ 大盤     	20191125	 11561.5800	   710175634
Y9998  	TEJ 大盤     	20191126	 11576.8200	   710175634
Y9998  	TEJ 大盤     	20191127	 11647.4600	   709867534
Y9998  	TEJ 大盤     	20191128	 11617.0800	   709879845
Y9998  	TEJ 大盤     	20191129	 11489.5700	   709919187
Y9998  	TEJ 大盤     	20191202	 11502.8300	   711116501
Y9998  	TEJ 大盤     	20191203	 11531.5800	   711116554
Y9998  	TEJ 大盤     	20191204	 11510.4700	   711285618
Y9998  	TEJ 大盤     	20191205	 11594.6500	   710038725
Y9998  	TEJ 大盤     	20191206	 11609.6400	   710041725
Y9998  	TEJ 大盤     	20191209	 11660.7700	   710041785
Y9998  	TEJ 大盤     	20191210	 11627.8400	   710041785
Y9998  	TEJ 大盤     	20191211	 11700.7700	   710041785
Y9998  	TEJ 大盤     	20191212	 11836.4200	   709643778
Y9998  	TEJ 大盤     	20191213	 11927.7300	   709655778
Y9998  	TEJ 大盤     	20191216	 11939.7700	   709998950
Y9998  	TEJ 大盤     	20191217	 12097.0100	   709998950
Y9998  	TEJ 大盤     	20191218	 12122.4500	   710000958
Y9998  	TEJ 大盤     	20191219	 12018.9000	   710002512
Y9998  	TEJ 大盤     	20191220	 11959.0800	   710001606
Y9998  	TEJ 大盤     	20191223	 12022.2300	   710001606
Y9998  	TEJ 大盤     	20191224	 11976.3800	   710001641
Y9998  	TEJ 大盤     	20191225	 12008.1300	   710034641
Y9998  	TEJ 大盤     	20191226	 12001.0100	   710034641
Y9998  	TEJ 大盤     	20191227	 12091.5900	   710034531
Y9998  	TEJ 大盤     	20191230	 12053.3700	   710034534
Y9998  	TEJ 大盤     	20191231	 11997.1400	   710120773
Y9998  	TEJ 大盤     	20200102	 12100.4800	   711169499
Y9998  	TEJ 大盤     	20200103	 12110.4300	   711168401
Y9998  	TEJ 大盤     	20200106	 11953.3600	   711167736
Y9998  	TEJ 大盤     	20200107	 11880.3200	   711167753
Y9998  	TEJ 大盤     	20200108	 11817.1000	   711169580
Y9998  	TEJ 大盤     	20200109	 11970.6300	   705422518
Y9998  	TEJ 大盤     	20200110	 12024.6500	   705872518
Y9998  	TEJ 大盤     	20200113	 12113.4200	   705872518
Y9998  	TEJ 大盤     	20200114	 12179.8100	   705872518
Y9998  	TEJ 大盤     	20200115	 12091.8800	   705872853
Y9998  	TEJ 大盤     	20200116	 12066.9300	   705876453
Y9998  	TEJ 大盤     	20200117	 12090.2900	   705876453
Y9998  	TEJ 大盤     	20200120	 12118.7100	   705876453
Y9998  	TEJ 大盤     	20200130	 11421.7400	   705876453
Y9998  	TEJ 大盤     	20200131	 11495.1000	   705763471
Y9998  	TEJ 大盤     	20200203	 11354.9200	   708263162
Y9998  	TEJ 大盤     	20200204	 11555.9200	   708263138
Y9998  	TEJ 大盤     	20200205	 11573.6200	   708259638
Y9998  	TEJ 大盤     	20200206	 11749.6800	   707988769
Y9998  	TEJ 大盤     	20200207	 11612.8100	   707988726
Y9998  	TEJ 大盤     	20200210	 11574.0700	   707988726
Y9998  	TEJ 大盤     	20200211	 11664.0400	   707988626
Y9998  	TEJ 大盤     	20200212	 11774.1900	   707980908
Y9998  	TEJ 大盤     	20200213	 11791.7800	   708010912
Y9998  	TEJ 大盤     	20200214	 11815.7000	   708010912
Y9998  	TEJ 大盤     	20200217	 11763.5100	   708010894
Y9998  	TEJ 大盤     	20200218	 11648.9800	   708010894
Y9998  	TEJ 大盤     	20200219	 11758.8400	   708010922
Y9998  	TEJ 大盤     	20200220	 11725.0900	   708010922
Y9998  	TEJ 大盤     	20200221	 11686.3500	   708010922
Y9998  	TEJ 大盤     	20200224	 11534.8700	   708010917
Y9998  	TEJ 大盤     	20200225	 11540.2300	   708010917
Y9998  	TEJ 大盤     	20200226	 11433.6200	   708010917
Y9998  	TEJ 大盤     	20200227	 11292.1700	   708067978
Y9998  	TEJ 大盤     	20200302	 11170.4600	   712156841
Y9998  	TEJ 大盤     	20200303	 11327.7200	   712156841
Y9998  	TEJ 大盤     	20200304	 11392.3500	   712190841
Y9998  	TEJ 大盤     	20200305	 11514.8200	   712230141
Y9998  	TEJ 大盤     	20200306	 11321.8100	   712230141
Y9998  	TEJ 大盤     	20200309	 10977.6400	   712230141
Y9998  	TEJ 大盤     	20200310	 11003.5400	   712268347
Y9998  	TEJ 大盤     	20200311	 10893.7500	   712272677
Y9998  	TEJ 大盤     	20200312	 10422.3200	   712386167
Y9998  	TEJ 大盤     	20200313	 10128.8700	   712386167
Y9998  	TEJ 大盤     	20200316	  9717.7700	   712386127
Y9998  	TEJ 大盤     	20200317	  9439.6300	   712085063
Y9998  	TEJ 大盤     	20200318	  9218.6700	   712084357
Y9998  	TEJ 大盤     	20200319	  8681.3400	   712084357
Y9998  	TEJ 大盤     	20200320	  9234.0900	   712083357
Y9998  	TEJ 大盤     	20200323	  8890.0300	   712083350
Y9998  	TEJ 大盤     	20200324	  9285.6200	   712113380
Y9998  	TEJ 大盤     	20200325	  9644.7500	   712113326
Y9998  	TEJ 大盤     	20200326	  9736.3600	   712111526
Y9998  	TEJ 大盤     	20200327	  9698.9200	   712111068
Y9998  	TEJ 大盤     	20200330	  9629.4300	   712113068
Y9998  	TEJ 大盤     	20200331	  9708.0600	   712586050
Y9998  	TEJ 大盤     	20200401	  9663.6300	   712776171
Y9998  	TEJ 大盤     	20200406	  9818.7400	   712776271
Y9998  	TEJ 大盤     	20200407	  9996.3900	   713050828
Y9998  	TEJ 大盤     	20200408	 10137.4700	   713058380
Y9998  	TEJ 大盤     	20200409	 10119.4300	   713062931
Y9998  	TEJ 大盤     	20200410	 10157.6100	   713062947
Y9998  	TEJ 大盤     	20200413	 10099.2200	   713086953
Y9998  	TEJ 大盤     	20200414	 10332.9400	   713086953
Y9998  	TEJ 大盤     	20200415	 10447.2100	   713087327
Y9998  	TEJ 大盤     	20200416	 10375.4800	   713087328
Y9998  	TEJ 大盤     	20200417	 10597.0400	   713507089
Y9998  	TEJ 大盤     	20200420	 10586.7100	   713570489
Y9998  	TEJ 大盤     	20200421	 10288.4200	   713750489
Y9998  	TEJ 大盤     	20200422	 10307.7400	   713750674
Y9998  	TEJ 大盤     	20200423	 10366.5100	   713792674
Y9998  	TEJ 大盤     	20200424	 10347.3600	   713792674
Y9998  	TEJ 大盤     	20200427	 10567.2700	   713792168
Y9998  	TEJ 大盤     	20200428	 10616.0600	   713790973
Y9998  	TEJ 大盤     	20200429	 10772.2200	   713790838
Y9998  	TEJ 大盤     	20200430	 10992.1400	   713799837
Y9998  	TEJ 大盤     	20200504	 10720.4800	   713833736
Y9998  	TEJ 大盤     	20200505	 10774.6100	   713833662
Y9998  	TEJ 大盤     	20200506	 10774.9800	   713833657
Y9998  	TEJ 大盤     	20200507	 10842.9200	   713833657
Y9998  	TEJ 大盤     	20200508	 10901.4200	   713829393
Y9998  	TEJ 大盤     	20200511	 11013.2600	   713823526
Y9998  	TEJ 大盤     	20200512	 10879.4700	   713823493
Y9998  	TEJ 大盤     	20200513	 10938.2700	   713822961
Y9998  	TEJ 大盤     	20200514	 10780.8800	   713819961
Y9998  	TEJ 大盤     	20200515	 10814.9200	   713819942
Y9998  	TEJ 大盤     	20200518	 10740.5500	   713820042
Y9998  	TEJ 大盤     	20200519	 10860.4400	   713820042
Y9998  	TEJ 大盤     	20200520	 10907.8000	   713319979
Y9998  	TEJ 大盤     	20200521	 11008.3100	   713319728
Y9998  	TEJ 大盤     	20200522	 10811.1500	   713319728
Y9998  	TEJ 大盤     	20200525	 10871.1800	   713319728
Y9998  	TEJ 大盤     	20200526	 10997.2100	   712917728
Y9998  	TEJ 大盤     	20200527	 11014.6600	   712917728
Y9998  	TEJ 大盤     	20200528	 10944.1900	   712947728
Y9998  	TEJ 大盤     	20200529	 10942.1600	   712951176
Y9998  	TEJ 大盤     	20200601	 11079.0200	   712951610
Y9998  	TEJ 大盤     	20200602	 11127.9300	   712991610
Y9998  	TEJ 大盤     	20200603	 11320.1600	   712995170
Y9998  	TEJ 大盤     	20200604	 11393.2300	   712995138
Y9998  	TEJ 大盤     	20200605	 11479.4000	   712995138
Y9998  	TEJ 大盤     	20200608	 11610.3200	   712995138
Y9998  	TEJ 大盤     	20200609	 11637.1100	   712995138
Y9998  	TEJ 大盤     	20200610	 11720.1600	   713075299
Y9998  	TEJ 大盤     	20200611	 11535.7700	   713075299
Y9998  	TEJ 大盤     	20200612	 11429.9400	   713067630
Y9998  	TEJ 大盤     	20200615	 11306.2600	   713069556
Y9998  	TEJ 大盤     	20200616	 11511.6400	   713070264
Y9998  	TEJ 大盤     	20200617	 11534.5900	   713069613
Y9998  	TEJ 大盤     	20200618	 11548.3300	   713068138
Y9998  	TEJ 大盤     	20200619	 11549.8600	   713129428
Y9998  	TEJ 大盤     	20200622	 11572.9300	   713154461
Y9998  	TEJ 大盤     	20200623	 11612.3600	   713182701
Y9998  	TEJ 大盤     	20200624	 11660.6700	   713146937
Y9998  	TEJ 大盤     	20200629	 11542.6200	   713136676
Y9998  	TEJ 大盤     	20200630	 11621.2400	   713606940
Y9998  	TEJ 大盤     	20200701	 11703.4200	   713682717
Y9998  	TEJ 大盤     	20200702	 11805.1400	   711341780
Y9998  	TEJ 大盤     	20200703	 11909.1600	   711336780
Y9998  	TEJ 大盤     	20200706	 12116.7000	   711354536
Y9998  	TEJ 大盤     	20200707	 12092.9700	   711354971
Y9998  	TEJ 大盤     	20200708	 12170.1900	   711369917
Y9998  	TEJ 大盤     	20200709	 12192.6900	   711389295
Y9998  	TEJ 大盤     	20200710	 12073.6800	   711389295
Y9998  	TEJ 大盤     	20200713	 12211.5600	   711415712
Y9998  	TEJ 大盤     	20200714	 12209.0100	   711544986
Y9998  	TEJ 大盤     	20200715	 12202.8500	   711569662
Y9998  	TEJ 大盤     	20200716	 12157.7400	   711569662
Y9998  	TEJ 大盤     	20200717	 12181.5600	   711573236
Y9998  	TEJ 大盤     	20200720	 12174.5400	   711584597
Y9998  	TEJ 大盤     	20200721	 12397.5500	   711590863
Y9998  	TEJ 大盤     	20200722	 12473.2700	   711947462
Y9998  	TEJ 大盤     	20200723	 12413.0400	   712230211
Y9998  	TEJ 大盤     	20200724	 12304.0400	   712232061
Y9998  	TEJ 大盤     	20200727	 12588.3000	   712199206
Y9998  	TEJ 大盤     	20200728	 12586.7300	   713181811
Y9998  	TEJ 大盤     	20200729	 12540.9700	   713181772
Y9998  	TEJ 大盤     	20200730	 12722.9200	   713181772
Y9998  	TEJ 大盤     	20200731	 12664.8000	   713333669
Y9998  	TEJ 大盤     	20200803	 12513.0300	   713413833
Y9998  	TEJ 大盤     	20200804	 12709.9200	   713445046
Y9998  	TEJ 大盤     	20200805	 12802.3000	   713488755
Y9998  	TEJ 大盤     	20200806	 12913.5000	   713230812
Y9998  	TEJ 大盤     	20200807	 12828.8700	   713599424
Y9998  	TEJ 大盤     	20200810	 12894.0000	   713484845
Y9998  	TEJ 大盤     	20200811	 12780.1900	   714141064
Y9998  	TEJ 大盤     	20200812	 12670.3500	   715032031
Y9998  	TEJ 大盤     	20200813	 12763.1300	   715725174
Y9998  	TEJ 大盤     	20200814	 12795.4600	   715706162
Y9998  	TEJ 大盤     	20200817	 12956.1100	   716171843
Y9998  	TEJ 大盤     	20200818	 12872.1400	   716319716
Y9998  	TEJ 大盤     	20200819	 12778.6400	   716839463
Y9998  	TEJ 大盤     	20200820	 12362.6400	   716839537
Y9998  	TEJ 大盤     	20200821	 12607.8400	   716839514
Y9998  	TEJ 大盤     	20200824	 12647.1300	   716839529
Y9998  	TEJ 大盤     	20200825	 12758.2500	   716886263
Y9998  	TEJ 大盤     	20200826	 12833.2900	   717082804
Y9998  	TEJ 大盤     	20200827	 12797.3100	   717137809
Y9998  	TEJ 大盤     	20200828	 12728.8500	   717134809
Y9998  	TEJ 大盤     	20200831	 12591.4500	   717266639
Y9998  	TEJ 大盤     	20200901	 12703.2800	   717356787
Y9998  	TEJ 大盤     	20200902	 12699.5000	   717394750
Y9998  	TEJ 大盤     	20200903	 12757.9700	   717397082
Y9998  	TEJ 大盤     	20200904	 12637.9500	   717396243
Y9998  	TEJ 大盤     	20200907	 12601.4000	   717396295
Y9998  	TEJ 大盤     	20200908	 12663.5600	   717396295
Y9998  	TEJ 大盤     	20200909	 12608.5800	   717404587
Y9998  	TEJ 大盤     	20200910	 12691.7500	   716888706
Y9998  	TEJ 大盤     	20200911	 12675.9500	   717263886
Y9998  	TEJ 大盤     	20200914	 12787.8200	   717254470
Y9998  	TEJ 大盤     	20200915	 12845.6500	   717263981
Y9998  	TEJ 大盤     	20200916	 12976.7600	   717058084
Y9998  	TEJ 大盤     	20200917	 12872.7400	   716898575
Y9998  	TEJ 大盤     	20200918	 12875.6200	   716898575
Y9998  	TEJ 大盤     	20200921	 12795.1200	   716898678
Y9998  	TEJ 大盤     	20200922	 12645.5100	   716903678
Y9998  	TEJ 大盤     	20200923	 12583.8800	   716981383
Y9998  	TEJ 大盤     	20200924	 12264.3800	   716958343
Y9998  	TEJ 大盤     	20200925	 12232.9100	   717274690
Y9998  	TEJ 大盤     	20200928	 12462.7600	   717277702
Y9998  	TEJ 大盤     	20200929	 12467.7300	   715993544
Y9998  	TEJ 大盤     	20200930	 12515.6100	   716256391
Y9998  	TEJ 大盤     	20201005	 12548.2800	   717182137
Y9998  	TEJ 大盤     	20201006	 12704.2300	   717231786
Y9998  	TEJ 大盤     	20201007	 12746.3700	   714280057
Y9998  	TEJ 大盤     	20201008	 12887.1900	   714280062
Y9998  	TEJ 大盤     	20201012	 12955.9100	   714280064
Y9998  	TEJ 大盤     	20201013	 12947.1300	   714282568
Y9998  	TEJ 大盤     	20201014	 12919.3100	   714282568
Y9998  	TEJ 大盤     	20201015	 12827.8200	   713784557
Y9998  	TEJ 大盤     	20201016	 12750.3700	   713783057
Y9998  	TEJ 大盤     	20201019	 12908.3400	   713783057
Y9998  	TEJ 大盤     	20201020	 12862.3700	   713783057
Y9998  	TEJ 大盤     	20201021	 12877.2500	   713783057
Y9998  	TEJ 大盤     	20201022	 12917.0300	   713489690
Y9998  	TEJ 大盤     	20201023	 12898.8200	   715734726
Y9998  	TEJ 大盤     	20201026	 12909.0300	   715754726
Y9998  	TEJ 大盤     	20201027	 12875.0100	   715754728
Y9998  	TEJ 大盤     	20201028	 12793.7500	   715834796
Y9998  	TEJ 大盤     	20201029	 12662.9100	   715841791
Y9998  	TEJ 大盤     	20201030	 12546.3400	   716233470
Y9998  	TEJ 大盤     	20201102	 12591.3100	   716719293
Y9998  	TEJ 大盤     	20201103	 12736.0100	   716969362
Y9998  	TEJ 大盤     	20201104	 12867.9000	   717013105
Y9998  	TEJ 大盤     	20201105	 12918.8000	   717083086
Y9998  	TEJ 大盤     	20201106	 12973.5300	   717084119
Y9998  	TEJ 大盤     	20201109	 13127.4700	   717079007
Y9998  	TEJ 大盤     	20201110	 13081.7200	   717079477
Y9998  	TEJ 大盤     	20201111	 13262.1900	   717146109
Y9998  	TEJ 大盤     	20201112	 13221.7800	   717014522
Y9998  	TEJ 大盤     	20201113	 13273.3300	   717014364
Y9998  	TEJ 大盤     	20201116	 13551.8300	   717251640
Y9998  	TEJ 大盤     	20201117	 13593.0100	   717252468
Y9998  	TEJ 大盤     	20201118	 13773.2900	   717252468
Y9998  	TEJ 大盤     	20201119	 13722.4300	   716962551
Y9998  	TEJ 大盤     	20201120	 13716.4400	   716962669
Y9998  	TEJ 大盤     	20201123	 13878.0100	   716964709
Y9998  	TEJ 大盤     	20201124	 13807.1300	   716688742
Y9998  	TEJ 大盤     	20201125	 13738.8300	   716736416
Y9998  	TEJ 大盤     	20201126	 13845.6600	   716736428
Y9998  	TEJ 大盤     	20201127	 13867.0900	   716736529
Y9998  	TEJ 大盤     	20201130	 13722.8900	   717125232
Y9998  	TEJ 大盤     	20201201	 13885.6700	   720625753
Y9998  	TEJ 大盤     	20201202	 13989.1400	   720626810
Y9998  	TEJ 大盤     	20201203	 13977.0900	   719873240
Y9998  	TEJ 大盤     	20201204	 14132.4400	   719873190
Y9998  	TEJ 大盤     	20201207	 14256.6000	   719621443
Y9998  	TEJ 大盤     	20201208	 14360.4000	   719682340
Y9998  	TEJ 大盤     	20201209	 14390.1400	   719685640
Y9998  	TEJ 大盤     	20201210	 14249.4900	   719689486
Y9998  	TEJ 大盤     	20201211	 14261.6900	   719689469
Y9998  	TEJ 大盤     	20201214	 14211.0500	   719714469
Y9998  	TEJ 大盤     	20201215	 14068.5200	   719719268
Y9998  	TEJ 大盤     	20201216	 14304.4600	   719724240
Y9998  	TEJ 大盤     	20201217	 14258.9300	   719724290
Y9998  	TEJ 大盤     	20201218	 14249.9600	   719724290
Y9998  	TEJ 大盤     	20201221	 14384.9600	   719723703
Y9998  	TEJ 大盤     	20201222	 14177.4600	   719723703
Y9998  	TEJ 大盤     	20201223	 14223.0900	   719804880
Y9998  	TEJ 大盤     	20201224	 14280.2800	   717504680
Y9998  	TEJ 大盤     	20201225	 14331.4200	   717503037
Y9998  	TEJ 大盤     	20201228	 14483.0700	   717503041
Y9998  	TEJ 大盤     	20201229	 14472.0500	   717503041
Y9998  	TEJ 大盤     	20201230	 14687.7000	   717503687
Y9998  	TEJ 大盤     	20201231	 14732.5300	   718170018
Y9998  	TEJ 大盤     	20210104	 14902.0300	   718988529
Y9998  	TEJ 大盤     	20210105	 15000.0300	   719021550
Y9998  	TEJ 大盤     	20210106	 14983.1300	   720084921
Y9998  	TEJ 大盤     	20210107	 15214.0000	   719357669
Y9998  	TEJ 大盤     	20210108	 15463.9500	   719357669
Y9998  	TEJ 大盤     	20210111	 15557.3000	   719357817
Y9998  	TEJ 大盤     	20210112	 15500.7000	   719225807
Y9998  	TEJ 大盤     	20210113	 15769.9800	   719279152
Y9998  	TEJ 大盤     	20210114	 15707.1900	   719279152
Y9998  	TEJ 大盤     	20210115	 15616.3900	   719279035
Y9998  	TEJ 大盤     	20210118	 15612.0000	   719293878
Y9998  	TEJ 大盤     	20210119	 15877.3700	   719354193
Y9998  	TEJ 大盤     	20210120	 15806.1800	   719342348
Y9998  	TEJ 大盤     	20210121	 16153.7700	   719345888
Y9998  	TEJ 大盤     	20210122	 16019.0300	   719345888
Y9998  	TEJ 大盤     	20210125	 15946.5400	   719363507
Y9998  	TEJ 大盤     	20210126	 15658.8500	   719363392
Y9998  	TEJ 大盤     	20210127	 15701.4500	   719594007
Y9998  	TEJ 大盤     	20210128	 15415.8800	   719371659
Y9998  	TEJ 大盤     	20210129	 15138.3100	   719624445
Y9998  	TEJ 大盤     	20210201	 15410.0900	   720460101
Y9998  	TEJ 大盤     	20210202	 15760.0500	   720467101
Y9998  	TEJ 大盤     	20210203	 15771.3200	   720472101
Y9998  	TEJ 大盤     	20210204	 15706.2200	   720472694
Y9998  	TEJ 大盤     	20210205	 15802.4000	   720472694
Y9998  	TEJ 大盤     	20210217	 16362.2900	   720569357
Y9998  	TEJ 大盤     	20210218	 16424.5100	   720570499
Y9998  	TEJ 大盤     	20210219	 16341.3800	   720570554
Y9998  	TEJ 大盤     	20210222	 16410.1600	   720570554
Y9998  	TEJ 大盤     	20210223	 16443.4000	   720572220
Y9998  	TEJ 大盤     	20210224	 16212.5300	   720576579
Y9998  	TEJ 大盤     	20210225	 16452.1800	   720590334
Y9998  	TEJ 大盤     	20210226	 15953.8000	   721261134
Y9998  	TEJ 大盤     	20210302	 15946.8800	   722012630
Y9998  	TEJ 大盤     	20210303	 16211.7300	   722028647
Y9998  	TEJ 大盤     	20210304	 15906.4100	   722028647
Y9998  	TEJ 大盤     	20210305	 15855.2300	   722019288
Y9998  	TEJ 大盤     	20210308	 15820.1100	   722019322
Y9998  	TEJ 大盤     	20210309	 15853.0900	   722019322
Y9998  	TEJ 大盤     	20210310	 15911.6700	   722082341
Y9998  	TEJ 大盤     	20210311	 16179.5600	   722082341
Y9998  	TEJ 大盤     	20210312	 16255.1800	   722083497
Y9998  	TEJ 大盤     	20210315	 16249.3300	   722082830
Y9998  	TEJ 大盤     	20210316	 16313.1600	   722082667
Y9998  	TEJ 大盤     	20210317	 16215.8200	   722083091
Y9998  	TEJ 大盤     	20210318	 16287.8400	   721642523
Y9998  	TEJ 大盤     	20210319	 16070.2400	   721540335
Y9998  	TEJ 大盤     	20210322	 16189.2200	   721509272
Y9998  	TEJ 大盤     	20210323	 16177.5900	   721568525
Y9998  	TEJ 大盤     	20210324	 16032.1200	   721607034
Y9998  	TEJ 大盤     	20210325	 16060.1400	   721605849
Y9998  	TEJ 大盤     	20210326	 16305.8800	   721605948
Y9998  	TEJ 大盤     	20210329	 16475.9700	   721617044
Y9998  	TEJ 大盤     	20210330	 16554.9000	   721617044
Y9998  	TEJ 大盤     	20210331	 16431.1300	   722052643
Y9998  	TEJ 大盤     	20210401	 16571.2800	   722239588
Y9998  	TEJ 大盤     	20210406	 16739.8700	   722229588
Y9998  	TEJ 大盤     	20210407	 16815.3600	   721619059
Y9998  	TEJ 大盤     	20210408	 16926.4400	   721257216
Y9998  	TEJ 大盤     	20210409	 16854.1000	   721260612
Y9998  	TEJ 大盤     	20210412	 16859.7000	   721260612
Y9998  	TEJ 大盤     	20210413	 16824.9100	   721260612
Y9998  	TEJ 大盤     	20210414	 16865.9700	   721260612
Y9998  	TEJ 大盤     	20210415	 17076.7300	   721270380
Y9998  	TEJ 大盤     	20210416	 17158.8100	   721272908
Y9998  	TEJ 大盤     	20210419	 17263.2800	   721272908
Y9998  	TEJ 大盤     	20210420	 17323.8700	   721276817
Y9998  	TEJ 大盤     	20210421	 17202.1100	   721294334
Y9998  	TEJ 大盤     	20210422	 17096.9700	   721344334
Y9998  	TEJ 大盤     	20210423	 17300.2700	   721374334
Y9998  	TEJ 大盤     	20210426	 17572.2900	   721374334
Y9998  	TEJ 大盤     	20210427	 17595.9000	   721379051
Y9998  	TEJ 大盤     	20210428	 17567.5300	   721378927
Y9998  	TEJ 大盤     	20210429	 17566.6600	   721759992
Y9998  	TEJ 大盤     	20210503	 17222.3500	   722263024
Y9998  	TEJ 大盤     	20210504	 16933.7800	   722438563
Y9998  	TEJ 大盤     	20210505	 16843.4400	   722444138
Y9998  	TEJ 大盤     	20210506	 16994.3600	   722444028
Y9998  	TEJ 大盤     	20210507	 17285.0000	   722444028
Y9998  	TEJ 大盤     	20210510	 17235.6100	   722444022
Y9998  	TEJ 大盤     	20210511	 16583.1300	   722480928
Y9998  	TEJ 大盤     	20210512	 15902.3700	   722480675
Y9998  	TEJ 大盤     	20210513	 15670.1000	   722569893
Y9998  	TEJ 大盤     	20210514	 15827.0900	   722569813
Y9998  	TEJ 大盤     	20210517	 15353.8900	   722571040
Y9998  	TEJ 大盤     	20210518	 16145.9800	   722571130
Y9998  	TEJ 大盤     	20210519	 16132.6600	   722571130
Y9998  	TEJ 大盤     	20210520	 16042.3600	   722571130
Y9998  	TEJ 大盤     	20210521	 16302.0600	   722578769
Y9998  	TEJ 大盤     	20210524	 16338.2900	   722578769
Y9998  	TEJ 大盤     	20210525	 16595.6700	   722578200
Y9998  	TEJ 大盤     	20210526	 16643.6900	   722578200
Y9998  	TEJ 大盤     	20210527	 16601.6100	   722577425
Y9998  	TEJ 大盤     	20210528	 16870.8600	   722577425
Y9998  	TEJ 大盤     	20210531	 17068.4300	   722620547
Y9998  	TEJ 大盤     	20210601	 17162.3800	   723557354
Y9998  	TEJ 大盤     	20210602	 17165.0400	   723558947
Y9998  	TEJ 大盤     	20210603	 17246.1600	   723558947
Y9998  	TEJ 大盤     	20210604	 17147.4100	   723560234
Y9998  	TEJ 大盤     	20210607	 17083.9100	   723560234
Y9998  	TEJ 大盤     	20210608	 17076.2100	   723550234
Y9998  	TEJ 大盤     	20210609	 16966.2200	   723550304
Y9998  	TEJ 大盤     	20210610	 17159.2200	   723550198
Y9998  	TEJ 大盤     	20210611	 17213.5200	   723557898
Y9998  	TEJ 大盤     	20210615	 17371.2900	   723558643
Y9998  	TEJ 大盤     	20210616	 17307.8600	   723578643
Y9998  	TEJ 大盤     	20210617	 17390.6100	   723578643
Y9998  	TEJ 大盤     	20210618	 17318.5400	   723581071
Y9998  	TEJ 大盤     	20210621	 17062.9800	   723581086
Y9998  	TEJ 大盤     	20210622	 17075.5500	   723582354
Y9998  	TEJ 大盤     	20210623	 17336.7100	   723582354
Y9998  	TEJ 大盤     	20210624	 17407.9600	   723582404
Y9998  	TEJ 大盤     	20210625	 17502.9900	   723610404
Y9998  	TEJ 大盤     	20210628	 17590.9700	   723615762
Y9998  	TEJ 大盤     	20210629	 17598.1900	   723619937
Y9998  	TEJ 大盤     	20210630	 17755.4600	   723640954
Y9998  	TEJ 大盤     	20210701	 17713.9400	   723671076
Y9998  	TEJ 大盤     	20210702	 17710.1500	   723671076
Y9998  	TEJ 大盤     	20210705	 17919.3300	   723843089
Y9998  	TEJ 大盤     	20210706	 17913.0700	   723845495
Y9998  	TEJ 大盤     	20210707	 17850.6900	   723846311
Y9998  	TEJ 大盤     	20210708	 17866.0900	   723846311
Y9998  	TEJ 大盤     	20210709	 17661.4800	   723846726
Y9998  	TEJ 大盤     	20210712	 17814.3300	   723846702
Y9998  	TEJ 大盤     	20210713	 17847.5200	   723846719
Y9998  	TEJ 大盤     	20210714	 17845.7500	   724038336
Y9998  	TEJ 大盤     	20210715	 18034.1900	   724087560
Y9998  	TEJ 大盤     	20210716	 17895.2500	   724118246
Y9998  	TEJ 大盤     	20210719	 17789.2500	   724168246
Y9998  	TEJ 大盤     	20210720	 17528.7400	   724169180
Y9998  	TEJ 大盤     	20210721	 17458.7900	   724169180
Y9998  	TEJ 大盤     	20210722	 17572.3300	   724169180
Y9998  	TEJ 大盤     	20210723	 17572.9200	   724169307
Y9998  	TEJ 大盤     	20210726	 17403.5600	   724169307
Y9998  	TEJ 大盤     	20210727	 17269.8700	   724169264
Y9998  	TEJ 大盤     	20210728	 17135.2200	   724192052
Y9998  	TEJ 大盤     	20210729	 17402.8100	   722527001
Y9998  	TEJ 大盤     	20210730	 17247.4100	   722760788
Y9998  	TEJ 大盤     	20210802	 17503.2800	   722760788
Y9998  	TEJ 大盤     	20210803	 17553.7600	   722803749
Y9998  	TEJ 大盤     	20210804	 17623.8900	   722833135
Y9998  	TEJ 大盤     	20210805	 17603.1200	   722901953
Y9998  	TEJ 大盤     	20210806	 17526.2800	   722918487
Y9998  	TEJ 大盤     	20210809	 17485.1500	   722965954
Y9998  	TEJ 大盤     	20210810	 17323.6400	   722978687
Y9998  	TEJ 大盤     	20210811	 17227.1800	   722988108
Y9998  	TEJ 大盤     	20210812	 17219.9400	   722988033
Y9998  	TEJ 大盤     	20210813	 16982.1100	   723051131
Y9998  	TEJ 大盤     	20210816	 16858.7700	   723053490
Y9998  	TEJ 大盤     	20210817	 16661.3600	   723059749
Y9998  	TEJ 大盤     	20210818	 16826.2700	   723068582
Y9998  	TEJ 大盤     	20210819	 16375.4000	   723392997
Y9998  	TEJ 大盤     	20210820	 16341.9400	   723420503
Y9998  	TEJ 大盤     	20210823	 16741.8400	   723461486
Y9998  	TEJ 大盤     	20210824	 16818.7300	   723537511
Y9998  	TEJ 大盤     	20210825	 17045.8600	   723736419
Y9998  	TEJ 大盤     	20210826	 17066.9600	   723958475
Y9998  	TEJ 大盤     	20210827	 17209.9300	   723979924
Y9998  	TEJ 大盤     	20210830	 17396.5200	   723990865
Y9998  	TEJ 大盤     	20210831	 17490.2900	   725325331
Y9998  	TEJ 大盤     	20210901	 17473.9900	   726241492
Y9998  	TEJ 大盤     	20210902	 17319.7600	   726336136
Y9998  	TEJ 大盤     	20210903	 17516.9200	   726348648
Y9998  	TEJ 大盤     	20210906	 17495.3000	   727972997
Y9998  	TEJ 大盤     	20210907	 17428.8700	   729147603
Y9998  	TEJ 大盤     	20210908	 17270.4900	   729711502
Y9998  	TEJ 大盤     	20210909	 17304.3300	   729716479
Y9998  	TEJ 大盤     	20210910	 17474.5700	   730241479
Y9998  	TEJ 大盤     	20210913	 17446.3100	   730224640
Y9998  	TEJ 大盤     	20210914	 17434.9000	   730228905
Y9998  	TEJ 大盤     	20210915	 17354.0000	   730264081
Y9998  	TEJ 大盤     	20210916	 17278.7000	   730613373
Y9998  	TEJ 大盤     	20210917	 17276.7900	   730796331
Y9998  	TEJ 大盤     	20210922	 16925.8200	   730876734
Y9998  	TEJ 大盤     	20210923	 17078.2200	   731517406
Y9998  	TEJ 大盤     	20210924	 17260.1900	   731667755
Y9998  	TEJ 大盤     	20210927	 17313.7700	   731683942
Y9998  	TEJ 大盤     	20210928	 17181.4400	   731698572
Y9998  	TEJ 大盤     	20210929	 16855.4600	   731714123
Y9998  	TEJ 大盤     	20210930	 16934.7700	   731822534
Y9998  	TEJ 大盤     	20211001	 16570.8900	   733345569
Y9998  	TEJ 大盤     	20211004	 16408.3500	   733520212
Y9998  	TEJ 大盤     	20211005	 16460.7500	   733520338
Y9998  	TEJ 大盤     	20211006	 16393.1600	   733621365
Y9998  	TEJ 大盤     	20211007	 16713.8600	   733643365
Y9998  	TEJ 大盤     	20211008	 16640.4300	   733763381
Y9998  	TEJ 大盤     	20211012	 16462.8400	   733761348
Y9998  	TEJ 大盤     	20211013	 16347.9900	   733813318
Y9998  	TEJ 大盤     	20211014	 16387.2800	   733812896
Y9998  	TEJ 大盤     	20211015	 16781.1900	   733812896
Y9998  	TEJ 大盤     	20211018	 16705.4600	   733839063
Y9998  	TEJ 大盤     	20211019	 16900.6700	   733839063
Y9998  	TEJ 大盤     	20211020	 16887.8200	   733797820
Y9998  	TEJ 大盤     	20211021	 16889.5100	   733801820
Y9998  	TEJ 大盤     	20211022	 16888.7400	   733801820
Y9998  	TEJ 大盤     	20211025	 16894.2400	   734043239
Y9998  	TEJ 大盤     	20211026	 17034.3400	   733940348
Y9998  	TEJ 大盤     	20211027	 17074.5500	   734002906
Y9998  	TEJ 大盤     	20211028	 17041.6300	   734005044
Y9998  	TEJ 大盤     	20211029	 16987.4100	   734101027
Y9998  	TEJ 大盤     	20211101	 17068.2400	   734432201
Y9998  	TEJ 大盤     	20211102	 17065.9700	   734437578
Y9998  	TEJ 大盤     	20211103	 17122.1600	   734434506
Y9998  	TEJ 大盤     	20211104	 17078.8600	   734615848
Y9998  	TEJ 大盤     	20211105	 17296.9000	   734673935
Y9998  	TEJ 大盤     	20211108	 17415.3000	   734612654
Y9998  	TEJ 大盤     	20211109	 17541.3600	   734612604
Y9998  	TEJ 大盤     	20211110	 17559.6500	   734612184
Y9998  	TEJ 大盤     	20211111	 17452.5200	   734618998
Y9998  	TEJ 大盤     	20211112	 17518.1300	   734615489
Y9998  	TEJ 大盤     	20211115	 17634.4700	   734613640
Y9998  	TEJ 大盤     	20211116	 17693.1300	   734605999
Y9998  	TEJ 大盤     	20211117	 17764.0400	   734621010
Y9998  	TEJ 大盤     	20211118	 17841.3700	   734591110
Y9998  	TEJ 大盤     	20211119	 17818.3100	   734603133
Y9998  	TEJ 大盤     	20211122	 17803.5400	   734555936
Y9998  	TEJ 大盤     	20211123	 17666.1200	   734595009
Y9998  	TEJ 大盤     	20211124	 17642.5200	   734595009
Y9998  	TEJ 大盤     	20211125	 17654.1900	   735098307
Y9998  	TEJ 大盤     	20211126	 17369.3900	   735102107
Y9998  	TEJ 大盤     	20211129	 17328.0900	   734997246
Y9998  	TEJ 大盤     	20211130	 17427.7600	   735374375
Y9998  	TEJ 大盤     	20211201	 17585.9900	   735620824
Y9998  	TEJ 大盤     	20211202	 17724.8800	   735625824
Y9998  	TEJ 大盤     	20211203	 17697.1400	   735625824
Y9998  	TEJ 大盤     	20211206	 17688.2100	   735224661
Y9998  	TEJ 大盤     	20211207	 17796.9200	   735225399
Y9998  	TEJ 大盤     	20211208	 17832.4200	   735245399
Y9998  	TEJ 大盤     	20211209	 17914.1200	   735261093
Y9998  	TEJ 大盤     	20211210	 17826.2600	   735320671
Y9998  	TEJ 大盤     	20211213	 17767.6000	   735320671
Y9998  	TEJ 大盤     	20211214	 17599.3700	   735320672
Y9998  	TEJ 大盤     	20211215	 17660.1000	   735325465
Y9998  	TEJ 大盤     	20211216	 17785.7400	   735325808
Y9998  	TEJ 大盤     	20211217	 17812.5900	   735325808
Y9998  	TEJ 大盤     	20211220	 17669.1100	   735286310
Y9998  	TEJ 大盤     	20211221	 17789.2700	   735286432
Y9998  	TEJ 大盤     	20211222	 17826.8300	   735286454
Y9998  	TEJ 大盤     	20211223	 17946.6600	   735286454
Y9998  	TEJ 大盤     	20211224	 17961.6400	   735323974
Y9998  	TEJ 大盤     	20211227	 18048.9400	   735155750
Y9998  	TEJ 大盤     	20211228	 18196.8100	   735155550
Y9998  	TEJ 大盤     	20211229	 18248.2800	   735155550
Y9998  	TEJ 大盤     	20211230	 18218.8400	   732517313
Y9998  	TEJ 大盤     	20220103	 18270.5100	   732739813
Y9998  	TEJ 大盤     	20220104	 18526.3500	   732739831
Y9998  	TEJ 大盤     	20220105	 18499.9600	   732524348
Y9998  	TEJ 大盤     	20220106	 18367.9200	   732496417
Y9998  	TEJ 大盤     	20220107	 18169.7600	   732495417
Y9998  	TEJ 大盤     	20220110	 18239.3800	   732504870
Y9998  	TEJ 大盤     	20220111	 18288.2100	   732510631
Y9998  	TEJ 大盤     	20220112	 18375.4000	   732575631
Y9998  	TEJ 大盤     	20220113	 18436.9300	   732576734
Y9998  	TEJ 大盤     	20220114	 18403.3300	   732569282
Y9998  	TEJ 大盤     	20220117	 18525.4400	   732569054
Y9998  	TEJ 大盤     	20220118	 18378.6400	   732569054
Y9998  	TEJ 大盤     	20220119	 18227.4600	   732665974
Y9998  	TEJ 大盤     	20220120	 18218.2800	   732665974
Y9998  	TEJ 大盤     	20220121	 17899.3000	   732665974
Y9998  	TEJ 大盤     	20220124	 17989.0400	   732665974
Y9998  	TEJ 大盤     	20220125	 17701.1200	   732682274
Y9998  	TEJ 大盤     	20220126	 17674.4000	   732827211
Y9998  	TEJ 大盤     	20220207	 17900.3000	   736541216
Y9998  	TEJ 大盤     	20220208	 17966.5600	   736539701
Y9998  	TEJ 大盤     	20220209	 18151.7600	   736553912
Y9998  	TEJ 大盤     	20220210	 18338.0500	   736580118
Y9998  	TEJ 大盤     	20220211	 18310.9400	   736574862
Y9998  	TEJ 大盤     	20220214	 17997.6700	   736583667
Y9998  	TEJ 大盤     	20220215	 17951.8100	   736583667
Y9998  	TEJ 大盤     	20220216	 18231.4700	   736583667
Y9998  	TEJ 大盤     	20220217	 18268.5700	   736583667
Y9998  	TEJ 大盤     	20220218	 18232.3500	   736583668
Y9998  	TEJ 大盤     	20220221	 18221.4900	   736589736
Y9998  	TEJ 大盤     	20220222	 17969.2900	   736577270
Y9998  	TEJ 大盤     	20220223	 18055.7300	   737057427
Y9998  	TEJ 大盤     	20220224	 17594.5500	   737110998
Y9998  	TEJ 大盤     	20220225	 17652.1800	   737227044
Y9998  	TEJ 大盤     	20220301	 17898.2500	   737477734
Y9998  	TEJ 大盤     	20220302	 17867.6000	   737423521
Y9998  	TEJ 大盤     	20220303	 17934.4000	   737373521
Y9998  	TEJ 大盤     	20220304	 17736.5200	   737373521
Y9998  	TEJ 大盤     	20220307	 17178.6900	   737373195
Y9998  	TEJ 大盤     	20220308	 16825.2500	   737499497
Y9998  	TEJ 大盤     	20220309	 17015.3600	   737479697
Y9998  	TEJ 大盤     	20220310	 17433.2000	   737479637
Y9998  	TEJ 大盤     	20220311	 17264.7400	   737476349
Y9998  	TEJ 大盤     	20220314	 17263.0400	   737541669
Y9998  	TEJ 大盤     	20220315	 16926.0600	   737541518
Y9998  	TEJ 大盤     	20220316	 16940.8300	   737547391
Y9998  	TEJ 大盤     	20220317	 17448.2200	   737547326
Y9998  	TEJ 大盤     	20220318	 17456.5200	   737547326
Y9998  	TEJ 大盤     	20220321	 17560.3600	   737546816
Y9998  	TEJ 大盤     	20220322	 17559.7100	   737546816
Y9998  	TEJ 大盤     	20220323	 17731.3700	   737547091
Y9998  	TEJ 大盤     	20220324	 17699.0600	   737546851
Y9998  	TEJ 大盤     	20220325	 17676.9500	   737549468
Y9998  	TEJ 大盤     	20220328	 17520.0100	   737495168
Y9998  	TEJ 大盤     	20220329	 17548.6600	   737495182
Y9998  	TEJ 大盤     	20220330	 17740.5600	   737497552
Y9998  	TEJ 大盤     	20220331	 17693.4700	   737636521
Y9998  	TEJ 大盤     	20220401	 17625.5900	   737636521
Y9998  	TEJ 大盤     	20220406	 17522.5000	   737636521
Y9998  	TEJ 大盤     	20220407	 17178.6300	   737558341
Y9998  	TEJ 大盤     	20220408	 17284.5400	   737559354
Y9998  	TEJ 大盤     	20220411	 17048.3700	   737565938
Y9998  	TEJ 大盤     	20220412	 16990.9100	   737565978
Y9998  	TEJ 大盤     	20220413	 17301.6500	   737565978
Y9998  	TEJ 大盤     	20220414	 17245.6500	   737713968
Y9998  	TEJ 大盤     	20220415	 17004.1800	   737714017
Y9998  	TEJ 大盤     	20220418	 16898.8700	   737714017
Y9998  	TEJ 大盤     	20220419	 16993.4000	   737722547
Y9998  	TEJ 大盤     	20220420	 17148.8800	   737729879
Y9998  	TEJ 大盤     	20220421	 17127.9500	   737322359
Y9998  	TEJ 大盤     	20220422	 17025.0900	   738694753
Y9998  	TEJ 大盤     	20220425	 16620.9000	   738702199
Y9998  	TEJ 大盤     	20220426	 16644.7900	   738702148
Y9998  	TEJ 大盤     	20220427	 16303.3500	   738702145
Y9998  	TEJ 大盤     	20220428	 16419.3800	   738702145
Y9998  	TEJ 大盤     	20220429	 16592.1800	   738778448
Y9998  	TEJ 大盤     	20220503	 16498.9000	   738640211
Y9998  	TEJ 大盤     	20220504	 16565.8300	   738611895
Y9998  	TEJ 大盤     	20220505	 16696.1200	   738601753
Y9998  	TEJ 大盤     	20220506	 16408.2000	   738601563
Y9998  	TEJ 大盤     	20220509	 16048.9200	   738666495
Y9998  	TEJ 大盤     	20220510	 16061.7000	   738665108
Y9998  	TEJ 大盤     	20220511	 16006.2500	   738665108
Y9998  	TEJ 大盤     	20220512	 15616.6800	   738664496
Y9998  	TEJ 大盤     	20220513	 15832.5400	   738664453
Y9998  	TEJ 大盤     	20220516	 15901.0400	   738664314
Y9998  	TEJ 大盤     	20220517	 16056.0900	   738664312
Y9998  	TEJ 大盤     	20220518	 16296.8600	   738664312
Y9998  	TEJ 大盤     	20220519	 16020.3200	   738745945
Y9998  	TEJ 大盤     	20220520	 16144.8500	   738745945
Y9998  	TEJ 大盤     	20220523	 16156.4100	   738745945
Y9998  	TEJ 大盤     	20220524	 15963.6300	   738745945
Y9998  	TEJ 大盤     	20220525	 16104.0300	   738745400
Y9998  	TEJ 大盤     	20220526	 15968.8300	   738745400
Y9998  	TEJ 大盤     	20220527	 16266.2200	   738746471
Y9998  	TEJ 大盤     	20220530	 16610.6200	   738746541
Y9998  	TEJ 大盤     	20220531	 16807.7700	   738803827
Y9998  	TEJ 大盤     	20220601	 16675.0900	   738857827
Y9998  	TEJ 大盤     	20220602	 16552.5700	   738857827
Y9998  	TEJ 大盤     	20220606	 16605.9600	   738857827
Y9998  	TEJ 大盤     	20220607	 16512.8800	   738857827
Y9998  	TEJ 大盤     	20220608	 16670.5100	   738857882
Y9998  	TEJ 大盤     	20220609	 16621.3400	   738857882
Y9998  	TEJ 大盤     	20220610	 16460.1200	   738857848
Y9998  	TEJ 大盤     	20220613	 16070.9800	   738857848
Y9998  	TEJ 大盤     	20220614	 16047.3700	   738857715
Y9998  	TEJ 大盤     	20220615	 15999.2500	   738857757
Y9998  	TEJ 大盤     	20220616	 15838.6100	   738857751
Y9998  	TEJ 大盤     	20220617	 15641.2600	   738857751
Y9998  	TEJ 大盤     	20220620	 15367.5800	   738858851
Y9998  	TEJ 大盤     	20220621	 15728.6400	   739189351
Y9998  	TEJ 大盤     	20220622	 15347.7500	   739262023
Y9998  	TEJ 大盤     	20220623	 15176.4400	   739312023
Y9998  	TEJ 大盤     	20220624	 15303.3200	   739226928
Y9998  	TEJ 大盤     	20220627	 15548.0100	   739150872
Y9998  	TEJ 大盤     	20220628	 15439.9200	   739150872
Y9998  	TEJ 大盤     	20220629	 15240.1300	   739235876
Y9998  	TEJ 大盤     	20220630	 14825.7300	   739437249
Y9998  	TEJ 大盤     	20220701	 14343.0800	   739634497
Y9998  	TEJ 大盤     	20220704	 14217.0600	   739657024
Y9998  	TEJ 大盤     	20220705	 14349.2000	   739657024
Y9998  	TEJ 大盤     	20220706	 13985.5100	   740025852
Y9998  	TEJ 大盤     	20220707	 14336.2700	   740030577
Y9998  	TEJ 大盤     	20220708	 14464.5300	   739759864
Y9998  	TEJ 大盤     	20220711	 14340.5300	   739759864
Y9998  	TEJ 大盤     	20220712	 13950.6200	   739779155
Y9998  	TEJ 大盤     	20220713	 14324.6800	   740064223
Y9998  	TEJ 大盤     	20220714	 14438.5200	   740084736
Y9998  	TEJ 大盤     	20220715	 14550.6200	   740084741
Y9998  	TEJ 大盤     	20220718	 14719.6400	   740109741
Y9998  	TEJ 大盤     	20220719	 14694.0800	   740340668
Y9998  	TEJ 大盤     	20220720	 14733.2200	   740735193
Y9998  	TEJ 大盤     	20220721	 14937.7000	   741371275
Y9998  	TEJ 大盤     	20220722	 14949.3600	   741375275
Y9998  	TEJ 大盤     	20220725	 14936.3300	   741375275
Y9998  	TEJ 大盤     	20220726	 14806.7800	   741491898
Y9998  	TEJ 大盤     	20220727	 14921.5900	   740674286
Y9998  	TEJ 大盤     	20220728	 14891.9000	   741648551
Y9998  	TEJ 大盤     	20220729	 15000.0700	   741674179
Y9998  	TEJ 大盤     	20220801	 14981.6900	   742934419
Y9998  	TEJ 大盤     	20220802	 14747.2300	   743581558
Y9998  	TEJ 大盤     	20220803	 14777.0200	   743591550
Y9998  	TEJ 大盤     	20220804	 14702.2000	   743867991
Y9998  	TEJ 大盤     	20220805	 15036.0400	   743867338
Y9998  	TEJ 大盤     	20220808	 15020.4100	   743867156
Y9998  	TEJ 大盤     	20220809	 15050.2800	   743867226
Y9998  	TEJ 大盤     	20220810	 14939.0200	   744377167
Y9998  	TEJ 大盤     	20220811	 15197.8500	   745270292
Y9998  	TEJ 大盤     	20220812	 15288.9700	   745613715
Y9998  	TEJ 大盤     	20220815	 15417.3500	   745561697
Y9998  	TEJ 大盤     	20220816	 15420.5700	   745551714
Y9998  	TEJ 大盤     	20220817	 15465.4500	   745554306
Y9998  	TEJ 大盤     	20220818	 15396.7600	   745541513
Y9998  	TEJ 大盤     	20220819	 15408.7800	   745543445
Y9998  	TEJ 大盤     	20220822	 15245.1400	   745472211
Y9998  	TEJ 大盤     	20220823	 15095.8900	   745470091
Y9998  	TEJ 大盤     	20220824	 15069.1900	   746148166
Y9998  	TEJ 大盤     	20220825	 15200.0400	   745900442
Y9998  	TEJ 大盤     	20220826	 15278.4400	   745919721
Y9998  	TEJ 大盤     	20220829	 14926.1900	   745993215
Y9998  	TEJ 大盤     	20220830	 14953.6300	   746248415
Y9998  	TEJ 大盤     	20220831	 15095.4400	   746405182
Y9998  	TEJ 大盤     	20220901	 14801.8600	   746464281
Y9998  	TEJ 大盤     	20220902	 14673.0400	   746464281
Y9998  	TEJ 大盤     	20220905	 14661.1000	   746466530
Y9998  	TEJ 大盤     	20220906	 14677.2000	   747022051
Y9998  	TEJ 大盤     	20220907	 14410.0500	   747031560
Y9998  	TEJ 大盤     	20220908	 14583.4200	   747442981
Y9998  	TEJ 大盤     	20220912	 14807.4300	   747415883
Y9998  	TEJ 大盤     	20220913	 14894.4100	   747402205
Y9998  	TEJ 大盤     	20220914	 14658.3100	   747413230
Y9998  	TEJ 大盤     	20220915	 14670.0400	   747413230
Y9998  	TEJ 大盤     	20220916	 14561.7600	   747413230
Y9998  	TEJ 大盤     	20220919	 14425.6800	   744288770
Y9998  	TEJ 大盤     	20220920	 14549.3000	   744288770
Y9998  	TEJ 大盤     	20220921	 14424.5200	   744375886
Y9998  	TEJ 大盤     	20220922	 14284.6300	   744966134
Y9998  	TEJ 大盤     	20220923	 14118.3800	   744966134
Y9998  	TEJ 大盤     	20220926	 13778.1900	   745170255
Y9998  	TEJ 大盤     	20220927	 13826.5900	   745170255
Y9998  	TEJ 大盤     	20220928	 13466.0700	   745170256
Y9998  	TEJ 大盤     	20220929	 13534.2600	   745170256
Y9998  	TEJ 大盤     	20220930	 13424.5800	   745199434
Y9998  	TEJ 大盤     	20221003	 13300.4800	   745962773
Y9998  	TEJ 大盤     	20221004	 13576.5200	   745962923
Y9998  	TEJ 大盤     	20221005	 13801.4300	   745963423
Y9998  	TEJ 大盤     	20221006	 13892.0500	   745963373
Y9998  	TEJ 大盤     	20221007	 13702.2800	   745995373
Y9998  	TEJ 大盤     	20221011	 13106.0300	   742885633
Y9998  	TEJ 大盤     	20221012	 13081.2400	   742895303
Y9998  	TEJ 大盤     	20221013	 12810.7300	   742939279
Y9998  	TEJ 大盤     	20221014	 13128.1200	   742939279
Y9998  	TEJ 大盤     	20221017	 12966.0500	   742939867
Y9998  	TEJ 大盤     	20221018	 13124.6800	   742939867
Y9998  	TEJ 大盤     	20221019	 12976.7600	   742939867
Y9998  	TEJ 大盤     	20221020	 12946.1000	   743939867
Y9998  	TEJ 大盤     	20221021	 12819.2000	   743868096
Y9998  	TEJ 大盤     	20221024	 12856.9800	   743798649
Y9998  	TEJ 大盤     	20221025	 12666.1200	   743804619
Y9998  	TEJ 大盤     	20221026	 12729.0500	   743804324
Y9998  	TEJ 大盤     	20221027	 12926.3700	   744857741
Y9998  	TEJ 大盤     	20221028	 12788.4200	   744860818
Y9998  	TEJ 大盤     	20221031	 12949.7500	   745133373
Y9998  	TEJ 大盤     	20221101	 13037.2100	   745579844
Y9998  	TEJ 大盤     	20221102	 13100.1700	   745576844
Y9998  	TEJ 大盤     	20221103	 12986.6000	   745576697
Y9998  	TEJ 大盤     	20221104	 13026.7100	   745575377
Y9998  	TEJ 大盤     	20221107	 13223.7300	   745756509
Y9998  	TEJ 大盤     	20221108	 13347.7600	   745756602
Y9998  	TEJ 大盤     	20221109	 13638.8100	   745755978
Y9998  	TEJ 大盤     	20221110	 13503.7600	   746053177
Y9998  	TEJ 大盤     	20221111	 14007.5600	   746060202
Y9998  	TEJ 大盤     	20221114	 14174.9000	   746059290
Y9998  	TEJ 大盤     	20221115	 14546.3100	   746070877
Y9998  	TEJ 大盤     	20221116	 14537.3500	   746098801
Y9998  	TEJ 大盤     	20221117	 14535.2300	   745953338
Y9998  	TEJ 大盤     	20221118	 14504.9900	   745953338
Y9998  	TEJ 大盤     	20221121	 14449.3900	   745909960
Y9998  	TEJ 大盤     	20221122	 14542.2000	   745909960
Y9998  	TEJ 大盤     	20221123	 14608.5400	   745909910
Y9998  	TEJ 大盤     	20221124	 14784.0000	   745913910
Y9998  	TEJ 大盤     	20221125	 14778.5100	   746001383
Y9998  	TEJ 大盤     	20221128	 14556.8700	   746001359
Y9998  	TEJ 大盤     	20221129	 14709.6400	   746001319
Y9998  	TEJ 大盤     	20221130	 14879.5500	   746039475
Y9998  	TEJ 大盤     	20221201	 15012.8000	   746053547
Y9998  	TEJ 大盤     	20221202	 14970.6800	   746053547
Y9998  	TEJ 大盤     	20221205	 14980.7400	   747564154
Y9998  	TEJ 大盤     	20221206	 14728.8800	   747564154
Y9998  	TEJ 大盤     	20221207	 14630.0100	   747570619
Y9998  	TEJ 大盤     	20221208	 14553.0400	   747590619
Y9998  	TEJ 大盤     	20221209	 14705.4300	   747587237
Y9998  	TEJ 大盤     	20221212	 14612.5900	   747557905
Y9998  	TEJ 大盤     	20221213	 14522.9600	   747557905
Y9998  	TEJ 大盤     	20221214	 14739.3600	   747557905
Y9998  	TEJ 大盤     	20221215	 14734.1300	   747557905
Y9998  	TEJ 大盤     	20221216	 14528.5500	   747557965
Y9998  	TEJ 大盤     	20221219	 14433.3200	   747581026
Y9998  	TEJ 大盤     	20221220	 14170.0300	   747579171
Y9998  	TEJ 大盤     	20221221	 14234.4000	   747539841
Y9998  	TEJ 大盤     	20221222	 14442.9400	   747539836
Y9998  	TEJ 大盤     	20221223	 14271.6300	   747539836
Y9998  	TEJ 大盤     	20221226	 14285.1300	   747539836
Y9998  	TEJ 大盤     	20221227	 14328.4300	   747539851
Y9998  	TEJ 大盤     	20221228	 14173.1000	   747539852
Y9998  	TEJ 大盤     	20221229	 14085.0200	   747545852
Y9998  	TEJ 大盤     	20221230	 14137.6900	   747590954
Y9998  	TEJ 大盤     	20230103	 14224.1200	   747819751
Y9998  	TEJ 大盤     	20230104	 14199.1300	   747819751
Y9998  	TEJ 大盤     	20230105	 14301.0500	   747819816
Y9998  	TEJ 大盤     	20230106	 14373.3400	   747865255
Y9998  	TEJ 大盤     	20230109	 14752.2100	   747865255
Y9998  	TEJ 大盤     	20230110	 14802.9600	   747865258
Y9998  	TEJ 大盤     	20230111	 14751.4400	   747865258
Y9998  	TEJ 大盤     	20230112	 14731.6400	   747865313
Y9998  	TEJ 大盤     	20230113	 14824.1300	   747886320
Y9998  	TEJ 大盤     	20230116	 14927.0100	   747886320
Y9998  	TEJ 大盤     	20230117	 14932.9300	   747886320
Y9998  	TEJ 大盤     	20230130	 15493.8200	   747916291
Y9998  	TEJ 大盤     	20230131	 15265.2000	   747972395
Y9998  	TEJ 大盤     	20230201	 15420.1300	   748050065
Y9998  	TEJ 大盤     	20230202	 15595.1600	   748050066
Y9998  	TEJ 大盤     	20230203	 15602.6600	   748050048
Y9998  	TEJ 大盤     	20230206	 15392.8200	   748050048
Y9998  	TEJ 大盤     	20230207	 15400.9100	   748800048
Y9998  	TEJ 大盤     	20230208	 15618.1700	   748800056
Y9998  	TEJ 大盤     	20230209	 15598.7100	   748800028
Y9998  	TEJ 大盤     	20230210	 15586.6500	   748800028
Y9998  	TEJ 大盤     	20230213	 15544.2800	   748819318
Y9998  	TEJ 大盤     	20230214	 15654.4800	   748819292
Y9998  	TEJ 大盤     	20230215	 15432.8900	   748819520
Y9998  	TEJ 大盤     	20230216	 15550.5000	   748843520
Y9998  	TEJ 大盤     	20230217	 15479.7000	   748871032
Y9998  	TEJ 大盤     	20230220	 15551.2300	   748871032
Y9998  	TEJ 大盤     	20230221	 15563.0000	   748870042
Y9998  	TEJ 大盤     	20230222	 15418.7700	   748870036
Y9998  	TEJ 大盤     	20230223	 15615.4100	   748870238
Y9998  	TEJ 大盤     	20230224	 15503.7900	   749002143
Y9998  	TEJ 大盤     	20230301	 15598.4900	   749501535
Y9998  	TEJ 大盤     	20230302	 15598.7200	   749345394
Y9998  	TEJ 大盤     	20230303	 15608.4200	   749346766
Y9998  	TEJ 大盤     	20230306	 15763.5100	   749356758
Y9998  	TEJ 大盤     	20230307	 15857.8900	   749354781
Y9998  	TEJ 大盤     	20230308	 15818.2000	   749357279
Y9998  	TEJ 大盤     	20230309	 15770.6600	   749357751
Y9998  	TEJ 大盤     	20230310	 15526.2000	   749361009
Y9998  	TEJ 大盤     	20230313	 15560.4900	   749008101
Y9998  	TEJ 大盤     	20230314	 15360.4200	   749007558
Y9998  	TEJ 大盤     	20230315	 15387.5900	   749012568
Y9998  	TEJ 大盤     	20230316	 15221.1200	   749012501
Y9998  	TEJ 大盤     	20230317	 15452.9600	   749002311
Y9998  	TEJ 大盤     	20230320	 15419.9700	   749000950
Y9998  	TEJ 大盤     	20230321	 15513.4500	   749000950
Y9998  	TEJ 大盤     	20230322	 15760.4600	   749000881
Y9998  	TEJ 大盤     	20230323	 15863.9500	   749000883
Y9998  	TEJ 大盤     	20230324	 15914.7000	   749000695
Y9998  	TEJ 大盤     	20230327	 15830.3100	   749004369
Y9998  	TEJ 大盤     	20230328	 15701.4800	   749000394
Y9998  	TEJ 大盤     	20230329	 15769.7600	   749000509
Y9998  	TEJ 大盤     	20230330	 15849.4300	   749008608
Y9998  	TEJ 大盤     	20230331	 15868.0600	   749113729
Y9998  	TEJ 大盤     	20230406	 15810.7700	   749113729
Y9998  	TEJ 大盤     	20230407	 15836.5000	   749914122
Y9998  	TEJ 大盤     	20230410	 15876.1700	   749777499
Y9998  	TEJ 大盤     	20230411	 15913.8800	   749777499
Y9998  	TEJ 大盤     	20230412	 15932.9700	   749777469
Y9998  	TEJ 大盤     	20230413	 15804.7600	   749777545
Y9998  	TEJ 大盤     	20230414	 15929.4300	   749777325
Y9998  	TEJ 大盤     	20230417	 15963.5500	   749695482
Y9998  	TEJ 大盤     	20230418	 15869.4400	   749695482
Y9998  	TEJ 大盤     	20230419	 15770.4700	   749795462
Y9998  	TEJ 大盤     	20230420	 15707.5200	   749765879
Y9998  	TEJ 大盤     	20230421	 15602.9900	   749765879
Y9998  	TEJ 大盤     	20230424	 15626.8700	   749664616
Y9998  	TEJ 大盤     	20230425	 15370.7300	   749664614
Y9998  	TEJ 大盤     	20230426	 15374.6300	   749663005
Y9998  	TEJ 大盤     	20230427	 15411.4900	   749662909
Y9998  	TEJ 大盤     	20230428	 15579.1800	   749694983
Y9998  	TEJ 大盤     	20230502	 15636.4800	   750726104
Y9998  	TEJ 大盤     	20230503	 15553.4100	   750726046
Y9998  	TEJ 大盤     	20230504	 15609.0300	   750726046
Y9998  	TEJ 大盤     	20230505	 15626.0700	   750862669
Y9998  	TEJ 大盤     	20230508	 15699.5700	   750862581
Y9998  	TEJ 大盤     	20230509	 15727.7000	   750852162
Y9998  	TEJ 大盤     	20230510	 15641.7600	   750852152
Y9998  	TEJ 大盤     	20230511	 15514.6400	   750851952
Y9998  	TEJ 大盤     	20230512	 15502.3600	   750851677
Y9998  	TEJ 大盤     	20230515	 15475.0500	   750851641
Y9998  	TEJ 大盤     	20230516	 15673.9000	   750845688
Y9998  	TEJ 大盤     	20230517	 15925.2900	   750845688
Y9998  	TEJ 大盤     	20230518	 16101.8800	   751190819
Y9998  	TEJ 大盤     	20230519	 16174.9200	   751197583
Y9998  	TEJ 大盤     	20230522	 16180.8900	   751195308
Y9998  	TEJ 大盤     	20230523	 16188.0300	   751189208
Y9998  	TEJ 大盤     	20230524	 16159.3200	   751189208
Y9998  	TEJ 大盤     	20230525	 16292.0000	   751189132
Y9998  	TEJ 大盤     	20230526	 16505.0500	   751216507
Y9998  	TEJ 大盤     	20230529	 16636.3000	   751215145
Y9998  	TEJ 大盤     	20230530	 16622.7400	   751215209
Y9998  	TEJ 大盤     	20230531	 16578.9600	   751248318
Y9998  	TEJ 大盤     	20230601	 16512.6500	   751248318
Y9998  	TEJ 大盤     	20230602	 16706.9100	   751248318
Y9998  	TEJ 大盤     	20230605	 16714.4300	   751248318
Y9998  	TEJ 大盤     	20230606	 16761.6600	   751323414
Y9998  	TEJ 大盤     	20230607	 16922.4800	   751323414
Y9998  	TEJ 大盤     	20230608	 16733.6900	   751330414
Y9998  	TEJ 大盤     	20230609	 16886.4000	   751330414
Y9998  	TEJ 大盤     	20230612	 16955.3700	   751331414
Y9998  	TEJ 大盤     	20230613	 17216.6000	   751331426
Y9998  	TEJ 大盤     	20230614	 17238.1400	   751350826
Y9998  	TEJ 大盤     	20230615	 17334.9800	   751388988
Y9998  	TEJ 大盤     	20230616	 17288.9100	   751401702
Y9998  	TEJ 大盤     	20230619	 17274.5600	   751401962
Y9998  	TEJ 大盤     	20230620	 17184.9100	   751401962
Y9998  	TEJ 大盤     	20230621	 17202.4000	   751415383
Y9998  	TEJ 大盤     	20230626	 17059.2400	   751626916
Y9998  	TEJ 大盤     	20230627	 16887.9000	   751626916
Y9998  	TEJ 大盤     	20230628	 16935.6300	   751626916
Y9998  	TEJ 大盤     	20230629	 16942.3000	   751633196
Y9998  	TEJ 大盤     	20230630	 16915.5400	   752067859
Y9998  	TEJ 大盤     	20230703	 17084.2000	   752129719
Y9998  	TEJ 大盤     	20230704	 17140.7700	   752207517
Y9998  	TEJ 大盤     	20230705	 17056.4300	   752207538
Y9998  	TEJ 大盤     	20230706	 16762.1700	   752207538
Y9998  	TEJ 大盤     	20230707	 16664.2100	   752207524
Y9998  	TEJ 大盤     	20230710	 16652.8000	   752211204
Y9998  	TEJ 大盤     	20230711	 16898.9100	   752220894
Y9998  	TEJ 大盤     	20230712	 16962.0300	   752274894
Y9998  	TEJ 大盤     	20230713	 17061.4000	   752360454
Y9998  	TEJ 大盤     	20230714	 17283.7100	   752406676
Y9998  	TEJ 大盤     	20230717	 17334.2900	   752435090
Y9998  	TEJ 大盤     	20230718	 17227.9100	   752665738
Y9998  	TEJ 大盤     	20230719	 17116.4400	   752672748
Y9998  	TEJ 大盤     	20230720	 17164.8900	   752680648
Y9998  	TEJ 大盤     	20230721	 17030.7000	   752744164
Y9998  	TEJ 大盤     	20230724	 17033.6100	   752771535
Y9998  	TEJ 大盤     	20230725	 17198.8900	   752822928
Y9998  	TEJ 大盤     	20230726	 17162.5500	   753668409
Y9998  	TEJ 大盤     	20230727	 17241.8200	   754298069
Y9998  	TEJ 大盤     	20230728	 17292.9300	   754704181
Y9998  	TEJ 大盤     	20230731	 17145.4300	   754850543
Y9998  	TEJ 大盤     	20230801	 17212.8700	   754958653
Y9998  	TEJ 大盤     	20230802	 16893.7300	   754994563
Y9998  	TEJ 大盤     	20230804	 16843.6800	   755111128
Y9998  	TEJ 大盤     	20230807	 16996.0000	   755111951
Y9998  	TEJ 大盤     	20230808	 16877.0700	   755097579
Y9998  	TEJ 大盤     	20230809	 16870.9400	   756097237
Y9998  	TEJ 大盤     	20230810	 16634.7000	   756588114
Y9998  	TEJ 大盤     	20230811	 16601.2500	   757169440
Y9998  	TEJ 大盤     	20230814	 16393.6600	   757169508
Y9998  	TEJ 大盤     	20230815	 16454.8000	   757401992
Y9998  	TEJ 大盤     	20230816	 16446.7800	   757396146
Y9998  	TEJ 大盤     	20230817	 16516.6600	   753078902
Y9998  	TEJ 大盤     	20230818	 16381.3100	   753179468
Y9998  	TEJ 大盤     	20230821	 16381.4900	   753179468
Y9998  	TEJ 大盤     	20230822	 16437.6100	   753243854
Y9998  	TEJ 大盤     	20230823	 16576.9000	   753280365
Y9998  	TEJ 大盤     	20230824	 16770.8700	   753444761
Y9998  	TEJ 大盤     	20230825	 16481.5800	   753475561
Y9998  	TEJ 大盤     	20230828	 16509.2600	   752725821
Y9998  	TEJ 大盤     	20230829	 16623.6500	   752887222
Y9998  	TEJ 大盤     	20230830	 16719.8200	   752903403
Y9998  	TEJ 大盤     	20230831	 16634.5100	   753182751
Y9998  	TEJ 大盤     	20230901	 16644.9400	   753246776
Y9998  	TEJ 大盤     	20230904	 16789.6900	   753866515
Y9998  	TEJ 大盤     	20230905	 16791.6100	   753866516
Y9998  	TEJ 大盤     	20230906	 16738.1600	   753906920
Y9998  	TEJ 大盤     	20230907	 16619.1400	   753923333
Y9998  	TEJ 大盤     	20230908	 16576.0200	   753927549
Y9998  	TEJ 大盤     	20230911	 16432.9500	   753927549
Y9998  	TEJ 大盤     	20230912	 16572.7100	   753983549
Y9998  	TEJ 大盤     	20230913	 16581.5100	   754088438
Y9998  	TEJ 大盤     	20230914	 16807.5600	   754088443
Y9998  	TEJ 大盤     	20230915	 16920.9200	   754089310
Y9998  	TEJ 大盤     	20230918	 16698.2400	   753993287
Y9998  	TEJ 大盤     	20230919	 16636.3200	   753993287
Y9998  	TEJ 大盤     	20230920	 16534.7500	   753993346
Y9998  	TEJ 大盤     	20230921	 16316.6700	   753993346
Y9998  	TEJ 大盤     	20230922	 16344.4800	   753993529
Y9998  	TEJ 大盤     	20230925	 16452.2300	   753670133
Y9998  	TEJ 大盤     	20230926	 16276.0700	   753839600
Y9998  	TEJ 大盤     	20230927	 16310.3600	   753859600
Y9998  	TEJ 大盤     	20230928	 16353.7400	   753914409
Y9998  	TEJ 大盤     	20231002	 16557.3100	   754358701
Y9998  	TEJ 大盤     	20231003	 16454.3400	   754369269
Y9998  	TEJ 大盤     	20231004	 16273.3800	   754369271
Y9998  	TEJ 大盤     	20231005	 16453.5200	   754369274
Y9998  	TEJ 大盤     	20231006	 16520.5700	   754369274
Y9998  	TEJ 大盤     	20231011	 16672.0300	   754223176
Y9998  	TEJ 大盤     	20231012	 16825.9100	   754223137
Y9998  	TEJ 大盤     	20231013	 16782.5700	   754255137
Y9998  	TEJ 大盤     	20231016	 16652.2400	   754461931
Y9998  	TEJ 大盤     	20231017	 16642.5500	   754461120
Y9998  	TEJ 大盤     	20231018	 16440.9100	   754466422
Y9998  	TEJ 大盤     	20231019	 16452.7300	   754491423
Y9998  	TEJ 大盤     	20231020	 16440.7200	   754886423
Y9998  	TEJ 大盤     	20231023	 16251.3600	   754767672
Y9998  	TEJ 大盤     	20231024	 16309.7600	   754767672
Y9998  	TEJ 大盤     	20231025	 16358.8900	   754802627
Y9998  	TEJ 大盤     	20231026	 16073.7400	   754802609
Y9998  	TEJ 大盤     	20231027	 16134.6100	   754802589
Y9998  	TEJ 大盤     	20231030	 16149.6800	   754732941
